date,code_commits
2019-09-15,2.00
2019-09-16,13.00
2019-09-17,1.00
2019-09-18,6.00
2019-09-19,4.00
2019-09-20,0.00
2019-09-21,0.00
2019-09-22,10.00
2019-09-23,8.00
2019-09-24,1.00
2019-09-25,2.00
2019-09-26,10.00
2019-09-27,3.00
2019-09-28,4.00
2019-09-29,3.00
2019-09-30,1.00
2019-10-01,11.00
2019-10-02,1.00
2019-10-03,0.00
2019-10-04,1.00
2019-10-05,0.00
2019-10-06,0.00
2019-10-07,0.00
2019-10-08,0.00
2019-10-09,0.00
2019-10-10,0.00
2019-10-11,0.00
2019-10-12,0.00
2019-10-13,0.00
2019-10-14,0.00
2019-10-15,0.00
2019-10-16,0.00
2019-10-17,0.00
2019-10-18,0.00
2019-10-19,0.00
2019-10-20,0.00
2019-10-21,0.00
2019-10-22,0.00
2019-10-23,0.00
2019-10-24,0.00
2019-10-25,0.00
2019-10-26,0.00
2019-10-27,0.00
2019-10-28,0.00
2019-10-29,0.00
2019-10-30,0.00
2019-10-31,0.00
2019-11-01,0.00
2019-11-02,0.00
2019-11-03,0.00
2019-11-04,0.00
2019-11-05,0.00
2019-11-06,0.00
2019-11-07,0.00
2019-11-08,0.00
2019-11-09,0.00
2019-11-10,0.00
2019-11-11,0.00
2019-11-12,0.00
2019-11-13,0.00
2019-11-14,0.00
2019-11-15,0.00
2019-11-16,0.00
2019-11-17,0.00
2019-11-18,0.00
2019-11-19,0.00
2019-11-20,0.00
2019-11-21,0.00
2019-11-22,0.00
2019-11-23,0.00
2019-11-24,5.00
2019-11-25,6.00
2019-11-26,1.00
2019-11-27,0.00
2019-11-28,0.00
2019-11-29,0.00
2019-11-30,0.00
2019-12-01,0.00
2019-12-02,0.00
2019-12-03,0.00
2019-12-04,0.00
2019-12-05,0.00
2019-12-06,0.00
2019-12-07,0.00
2019-12-08,0.00
2019-12-09,3.00
2019-12-10,0.00
2019-12-11,8.00
2019-12-12,6.00
2019-12-13,5.00
2019-12-14,2.00
2019-12-15,0.00
2019-12-16,0.00
2019-12-17,0.00
2019-12-18,10.00
2019-12-19,4.00
2019-12-20,4.00
2019-12-21,4.00
2019-12-22,4.00
2019-12-23,0.00
2019-12-24,0.00
2019-12-25,1.00
2019-12-26,12.00
2019-12-27,0.00
2019-12-28,0.00
2019-12-29,2.00
2019-12-30,3.00
2019-12-31,3.00
2020-01-01,8.00
2020-01-02,2.00
2020-01-03,4.00
2020-01-04,0.00
2020-01-05,0.00
2020-01-06,0.00
2020-01-07,5.00
2020-01-08,0.00
2020-01-09,0.00
2020-01-10,0.00
2020-01-11,0.00
2020-01-12,0.00
2020-01-13,0.00
2020-01-14,2.00
2020-01-15,1.00
2020-01-16,2.00
2020-01-17,3.00
2020-01-18,1.00
2020-01-19,3.00
2020-01-20,8.00
2020-01-21,20.00
2020-01-22,1.00
2020-01-23,0.00
2020-01-24,0.00
2020-01-25,2.00
2020-01-26,0.00
2020-01-27,3.00
2020-01-28,4.00
2020-01-29,0.00
2020-01-30,0.00
2020-01-31,1.00
2020-02-01,5.00
2020-02-02,2.00
2020-02-03,0.00
2020-02-04,1.00
2020-02-05,0.00
2020-02-06,0.00
2020-02-07,6.00
2020-02-08,1.00
2020-02-09,9.00
2020-02-10,5.00
2020-02-11,1.00
2020-02-12,0.00
2020-02-13,0.00
2020-02-14,0.00
2020-02-15,0.00
2020-02-16,0.00
2020-02-17,0.00
2020-02-18,0.00
2020-02-19,0.00
2020-02-20,1.00
2020-02-21,0.00
2020-02-22,4.00
2020-02-23,0.00
2020-02-24,2.00
2020-02-25,2.00
2020-02-26,0.00
2020-02-27,0.00
2020-02-28,0.00
2020-02-29,1.00
2020-03-01,0.00
2020-03-02,0.00
2020-03-03,0.00
2020-03-04,0.00
2020-03-05,0.00
2020-03-06,0.00
2020-03-07,0.00
2020-03-08,0.00
2020-03-09,3.00
2020-03-10,0.00
2020-03-11,0.00
2020-03-12,0.00
2020-03-13,0.00
2020-03-14,0.00
2020-03-15,0.00
2020-03-16,0.00
2020-03-17,0.00
2020-03-18,5.00
2020-03-19,8.00
2020-03-20,19.00
2020-03-21,18.00
2020-03-22,14.00
2020-03-23,7.00
2020-03-24,4.00
2020-03-25,4.00
2020-03-26,1.00
2020-03-27,7.00
2020-03-28,9.00
2020-03-29,22.00
2020-03-30,21.00
2020-03-31,13.00
2020-04-01,6.00
2020-04-02,0.00
2020-04-03,7.00
2020-04-04,18.00
2020-04-05,7.00
2020-04-06,10.00
2020-04-07,3.00
2020-04-08,9.00
2020-04-09,26.00
2020-04-10,2.00
2020-04-11,2.00
2020-04-12,2.00
2020-04-13,5.00
2020-04-14,5.00
2020-04-15,1.00
2020-04-16,1.00
2020-04-17,5.00
2020-04-18,3.00
2020-04-19,9.00
2020-04-20,14.00
2020-04-21,20.00
2020-04-22,9.00
2020-04-23,13.00
2020-04-24,29.00
2020-04-25,17.00
2020-04-26,20.00
2020-04-27,8.00
2020-04-28,21.00
2020-04-29,9.00
2020-04-30,24.00
2020-05-01,10.00
2020-05-02,25.00
2020-05-03,28.00
2020-05-04,18.00
2020-05-05,11.00
2020-05-06,17.00
2020-05-07,17.00
2020-05-08,25.00
2020-05-09,6.00
2020-05-10,7.00
2020-05-11,18.00
2020-05-12,27.00
2020-05-13,16.00
2020-05-14,13.00
2020-05-15,35.00
2020-05-16,30.00
2020-05-17,29.00
2020-05-18,33.00
2020-05-19,10.00
2020-05-20,15.00
2020-05-21,10.00
2020-05-22,26.00
2020-05-23,36.00
2020-05-24,29.00
2020-05-25,13.00
2020-05-26,29.00
2020-05-27,12.00
2020-05-28,22.00
2020-05-29,25.00
2020-05-30,9.00
2020-05-31,12.00
2020-06-01,10.00
2020-06-02,6.00
2020-06-03,11.00
2020-06-04,19.00
2020-06-05,13.00
2020-06-06,11.00
2020-06-07,19.00
2020-06-08,21.00
2020-06-09,14.00
2020-06-10,17.00
2020-06-11,14.00
2020-06-12,9.00
2020-06-13,21.00
2020-06-14,21.00
2020-06-15,38.00
2020-06-16,22.00
2020-06-17,25.00
2020-06-18,14.00
2020-06-19,21.00
2020-06-20,25.00
2020-06-21,16.00
2020-06-22,14.00
2020-06-23,12.00
2020-06-24,16.00
2020-06-25,19.00
2020-06-26,18.00
2020-06-27,10.00
2020-06-28,16.00
2020-06-29,13.00
2020-06-30,11.00
2020-07-01,15.00
2020-07-02,11.00
2020-07-03,17.00
2020-07-04,28.00
2020-07-05,14.00
2020-07-06,4.00
2020-07-07,4.00
2020-07-08,4.00
2020-07-09,7.00
2020-07-10,4.00
2020-07-11,14.00
2020-07-12,0.00
2020-07-13,2.00
2020-07-14,10.00
2020-07-15,7.00
2020-07-16,9.00
2020-07-17,3.00
2020-07-18,6.00
2020-07-19,11.00
2020-07-20,7.00
2020-07-21,5.00
2020-07-22,4.00
2020-07-23,4.00
2020-07-24,2.00
2020-07-25,1.00
2020-07-26,13.00
2020-07-27,11.00
2020-07-28,5.00
2020-07-29,11.00
2020-07-30,10.00
2020-07-31,5.00
2020-08-01,8.00
2020-08-02,16.00
2020-08-03,16.00
2020-08-04,18.00
2020-08-05,4.00
2020-08-06,6.00
2020-08-07,14.00
2020-08-08,28.00
2020-08-09,39.00
2020-08-10,10.00
2020-08-11,32.00
2020-08-12,10.00
2020-08-13,0.00
2020-08-14,12.00
2020-08-15,8.00
2020-08-16,0.00
2020-08-17,1.00
2020-08-18,5.00
2020-08-19,2.00
2020-08-20,4.00
2020-08-21,1.00
2020-08-22,1.00
2020-08-23,0.00
2020-08-24,2.00
2020-08-25,1.00
2020-08-26,0.00
2020-08-27,3.00
2020-08-28,3.00
2020-08-29,1.00
2020-08-30,21.00
2020-08-31,4.00
2020-09-01,2.00
2020-09-02,2.00
2020-09-03,0.00
2020-09-04,9.00
2020-09-05,6.00
2020-09-06,4.00
2020-09-07,7.00
2020-09-08,12.00
2020-09-09,2.00
2020-09-10,1.00
2020-09-11,0.00
2020-09-12,0.00
2020-09-13,5.00
2020-09-14,13.00
2020-09-15,29.00
2020-09-16,5.00
2020-09-17,3.00
2020-09-18,5.00
2020-09-19,0.00
2020-09-20,3.00
2020-09-21,8.00
2020-09-22,21.00
2020-09-23,14.00
2020-09-24,6.00
2020-09-25,8.00
2020-09-26,15.00
2020-09-27,10.00
2020-09-28,6.00
2020-09-29,0.00
2020-09-30,5.00
2020-10-01,14.00
2020-10-02,14.00
2020-10-03,6.00
2020-10-04,14.00
2020-10-05,4.00
2020-10-06,16.00
2020-10-07,10.00
2020-10-08,14.00
2020-10-09,2.00
2020-10-10,6.00
2020-10-11,9.00
2020-10-12,7.00
2020-10-13,2.00
2020-10-14,8.00
2020-10-15,8.00
2020-10-16,31.00
2020-10-17,9.00
2020-10-18,10.00
2020-10-19,10.00
2020-10-20,8.00
2020-10-21,4.00
2020-10-22,8.00
2020-10-23,9.00
2020-10-24,11.00
2020-10-25,8.00
2020-10-26,2.00
2020-10-27,19.00
2020-10-28,10.00
2020-10-29,10.00
2020-10-30,27.00
2020-10-31,1.00
2020-11-01,9.00
2020-11-02,8.00
2020-11-03,6.00
2020-11-04,2.00
2020-11-05,11.00
2020-11-06,3.00
2020-11-07,14.00
2020-11-08,8.00
2020-11-09,6.00
2020-11-10,7.00
2020-11-11,4.00
2020-11-12,9.00
2020-11-13,8.00
2020-11-14,8.00
2020-11-15,7.00
2020-11-16,8.00
2020-11-17,2.00
2020-11-18,1.00
2020-11-19,2.00
2020-11-20,0.00
2020-11-21,0.00
2020-11-22,0.00
2020-11-23,2.00
2020-11-24,0.00
2020-11-25,10.00
2020-11-26,1.00
2020-11-27,0.00
2020-11-28,1.00
2020-11-29,1.00
2020-11-30,1.00
2020-12-01,0.00
2020-12-02,1.00
2020-12-03,4.00
2020-12-04,0.00
2020-12-05,7.00
2020-12-06,2.00
2020-12-07,0.00
2020-12-08,0.00
2020-12-09,12.00
2020-12-10,3.00
2020-12-11,6.00
2020-12-12,11.00
2020-12-13,14.00
2020-12-14,8.00
2020-12-15,21.00
2020-12-16,21.00
2020-12-17,9.00
2020-12-18,3.00
2020-12-19,6.00
2020-12-20,11.00
2020-12-21,15.00
2020-12-22,12.00
2020-12-23,0.00
2020-12-24,7.00
2020-12-25,1.00
2020-12-26,0.00
2020-12-27,4.00
2020-12-28,5.00
2020-12-29,3.00
2020-12-30,6.00
2020-12-31,5.00
2021-01-01,9.00
2021-01-02,3.00
2021-01-03,12.00
2021-01-04,6.00
2021-01-05,10.00
2021-01-06,6.00
2021-01-07,5.00
2021-01-08,3.00
2021-01-09,6.00
2021-01-10,12.00
2021-01-11,9.00
2021-01-12,15.00
2021-01-13,5.00
2021-01-14,16.00
2021-01-15,0.00
2021-01-16,3.00
2021-01-17,9.00
2021-01-18,7.00
2021-01-19,7.00
2021-01-20,2.00
2021-01-21,3.00
2021-01-22,0.00
2021-01-23,5.00
2021-01-24,8.00
2021-01-25,5.00
2021-01-26,6.00
2021-01-27,3.00
2021-01-28,2.00
2021-01-29,2.00
2021-01-30,5.00
2021-01-31,6.00
2021-02-01,27.00
2021-02-02,18.00
2021-02-03,12.00
2021-02-04,4.00
2021-02-05,3.00
2021-02-06,5.00
2021-02-07,8.00
2021-02-08,23.00
2021-02-09,4.00
2021-02-10,9.00
2021-02-11,12.00
2021-02-12,1.00
2021-02-13,6.00
2021-02-14,3.00
2021-02-15,0.00
2021-02-16,9.00
2021-02-17,8.00
2021-02-18,0.00
2021-02-19,6.00
2021-02-20,7.00
2021-02-21,1.00
2021-02-22,11.00
2021-02-23,0.00
2021-02-24,13.00
2021-02-25,5.00
2021-02-26,1.00
2021-02-27,2.00
2021-02-28,11.00
2021-03-01,14.00
2021-03-02,4.00
2021-03-03,0.00
2021-03-04,1.00
2021-03-05,0.00
2021-03-06,11.00
2021-03-07,25.00
2021-03-08,5.00
2021-03-09,22.00
2021-03-10,10.00
2021-03-11,20.00
2021-03-12,7.00
2021-03-13,22.00
2021-03-14,11.00
2021-03-15,4.00
2021-03-16,11.00
2021-03-17,10.00
2021-03-18,8.00
2021-03-19,10.00
2021-03-20,10.00
2021-03-21,13.00
2021-03-22,0.00
2021-03-23,7.00
2021-03-24,8.00
2021-03-25,7.00
2021-03-26,5.00
2021-03-27,2.00
2021-03-28,9.00
2021-03-29,4.00
2021-03-30,4.00
2021-03-31,4.00
2021-04-01,5.00
2021-04-02,9.00
2021-04-03,9.00
2021-04-04,5.00
2021-04-05,9.00
2021-04-06,22.00
2021-04-07,2.00
2021-04-08,16.00
2021-04-09,0.00
2021-04-10,0.00
2021-04-11,0.00
2021-04-12,8.00
2021-04-13,11.00
2021-04-14,3.00
2021-04-15,0.00
2021-04-16,2.00
2021-04-17,0.00
2021-04-18,11.00
2021-04-19,2.00
2021-04-20,7.00
2021-04-21,6.00
2021-04-22,14.00
2021-04-23,7.00
2021-04-24,3.00
2021-04-25,1.00
2021-04-26,1.00
2021-04-27,1.00
2021-04-28,11.00
2021-04-29,6.00
2021-04-30,21.00
2021-05-01,7.00
2021-05-02,13.00
2021-05-03,6.00
2021-05-04,4.00
2021-05-05,11.00
2021-05-06,5.00
2021-05-07,4.00
2021-05-08,3.00
2021-05-09,4.00
2021-05-10,0.00
2021-05-11,17.00
2021-05-12,5.00
2021-05-13,2.00
2021-05-14,3.00
2021-05-15,6.00
2021-05-16,3.00
2021-05-17,7.00
2021-05-18,21.00
2021-05-19,30.00
2021-05-20,5.00
2021-05-21,4.00
2021-05-22,15.00
2021-05-23,2.00
2021-05-24,14.00
2021-05-25,9.00
2021-05-26,6.00
2021-05-27,5.00
2021-05-28,3.00
2021-05-29,3.00
2021-05-30,0.00
2021-05-31,7.00
2021-06-01,11.00
2021-06-02,4.00
2021-06-03,1.00
2021-06-04,0.00
2021-06-05,2.00
2021-06-06,0.00
2021-06-07,7.00
2021-06-08,2.00
2021-06-09,17.00
2021-06-10,3.00
2021-06-11,1.00
2021-06-12,24.00
2021-06-13,0.00
2021-06-14,12.00
2021-06-15,2.00
2021-06-16,7.00
2021-06-17,11.00
2021-06-18,9.00
2021-06-19,9.00
2021-06-20,2.00
2021-06-21,3.00
2021-06-22,3.00
2021-06-23,12.00
2021-06-24,3.00
2021-06-25,9.00
2021-06-26,8.00
2021-06-27,9.00
2021-06-28,7.00
2021-06-29,0.00
2021-06-30,2.00
2021-07-01,3.00
2021-07-02,1.00
2021-07-03,2.00
2021-07-04,10.00
2021-07-05,2.00
2021-07-06,2.00
2021-07-07,6.00
2021-07-08,2.00
2021-07-09,3.00
2021-07-10,9.00
2021-07-11,12.00
2021-07-12,9.00
2021-07-13,7.00
2021-07-14,6.00
2021-07-15,14.00
2021-07-16,0.00
2021-07-17,9.00
2021-07-18,12.00
2021-07-19,17.00
2021-07-20,7.00
2021-07-21,9.00
2021-07-22,3.00
2021-07-23,0.00
2021-07-24,15.00
2021-07-25,29.00
2021-07-26,19.00
2021-07-27,1.00
2021-07-28,0.00
2021-07-29,1.00
2021-07-30,0.00
2021-07-31,12.00
2021-08-01,12.00
2021-08-02,35.00
2021-08-03,4.00
2021-08-04,0.00
2021-08-05,8.00
2021-08-06,18.00
2021-08-07,1.00
2021-08-08,3.00
2021-08-09,53.00
2021-08-10,12.00
2021-08-11,34.00
2021-08-12,50.00
2021-08-13,14.00
2021-08-14,4.00
2021-08-15,0.00
2021-08-16,1.00
2021-08-17,0.00
2021-08-18,2.00
2021-08-19,2.00
2021-08-20,0.00
2021-08-21,1.00
2021-08-22,0.00
2021-08-23,3.00
2021-08-24,8.00
2021-08-25,20.00
2021-08-26,7.00
2021-08-27,1.00
2021-08-28,1.00
2021-08-29,4.00
2021-08-30,8.00
2021-08-31,12.00
2021-09-01,4.00
2021-09-02,1.00
2021-09-03,1.00
2021-09-04,1.00
2021-09-05,10.00
2021-09-06,6.00
2021-09-07,4.00
2021-09-08,0.00
2021-09-09,1.00
2021-09-10,1.00
2021-09-11,9.00
2021-09-12,42.00
2021-09-13,17.00
2021-09-14,14.00
2021-09-15,13.00
2021-09-16,5.00
2021-09-17,2.00
2021-09-18,4.00
2021-09-19,2.00
2021-09-20,2.00
2021-09-21,5.00
2021-09-22,1.00
2021-09-23,0.00
2021-09-24,15.00
2021-09-25,37.00
2021-09-26,12.00
2021-09-27,3.00
2021-09-28,0.00
2021-09-29,0.00
2021-09-30,4.00
2021-10-01,4.00
2021-10-02,0.00
2021-10-03,1.00
2021-10-04,9.00
2021-10-05,5.00
2021-10-06,4.00
2021-10-07,1.00
2021-10-08,1.00
2021-10-09,4.00
2021-10-10,2.00
2021-10-11,1.00
2021-10-12,3.00
2021-10-13,1.00
2021-10-14,8.00
2021-10-15,3.00
2021-10-16,2.00
2021-10-17,7.00
2021-10-18,2.00
2021-10-19,4.00
2021-10-20,1.00
2021-10-21,8.00
2021-10-22,0.00
2021-10-23,0.00
2021-10-24,0.00
2021-10-25,7.00
2021-10-26,5.00
2021-10-27,5.00
2021-10-28,8.00
2021-10-29,2.00
2021-10-30,8.00
2021-10-31,7.00
2021-11-01,4.00
2021-11-02,0.00
2021-11-03,0.00
2021-11-04,0.00
2021-11-05,1.00
2021-11-06,1.00
2021-11-07,0.00
2021-11-08,0.00
2021-11-09,0.00
2021-11-10,4.00
2021-11-11,3.00
2021-11-12,0.00
2021-11-13,12.00
2021-11-14,1.00
2021-11-15,2.00
2021-11-16,7.00
2021-11-17,3.00
2021-11-18,4.00
2021-11-19,8.00
2021-11-20,6.00
2021-11-21,8.00
2021-11-22,4.00
2021-11-23,18.00
2021-11-24,5.00
2021-11-25,6.00
2021-11-26,0.00
2021-11-27,0.00
2021-11-28,1.00
2021-11-29,13.00
2021-11-30,1.00
2021-12-01,1.00
2021-12-02,1.00
2021-12-03,8.00
2021-12-04,11.00
2021-12-05,6.00
2021-12-06,4.00
2021-12-07,0.00
2021-12-08,4.00
2021-12-09,6.00
2021-12-10,9.00
2021-12-11,7.00
2021-12-12,10.00
2021-12-13,5.00
2021-12-14,3.00
2021-12-15,30.00
2021-12-16,4.00
2021-12-17,5.00
2021-12-18,2.00
2021-12-19,3.00
2021-12-20,7.00
2021-12-21,8.00
2021-12-22,12.00
2021-12-23,6.00
2021-12-24,1.00
2021-12-25,4.00
2021-12-26,1.00
2021-12-27,0.00
2021-12-28,2.00
2021-12-29,3.00
2021-12-30,6.00
2021-12-31,4.00
2022-01-01,10.00
2022-01-02,2.00
2022-01-03,7.00
2022-01-04,3.00
2022-01-05,7.00
2022-01-06,2.00
2022-01-07,14.00
2022-01-08,2.00
2022-01-09,17.00
2022-01-10,7.00
2022-01-11,19.00
2022-01-12,24.00
2022-01-13,1.00
2022-01-14,10.00
2022-01-15,0.00
2022-01-16,0.00
2022-01-17,23.00
2022-01-18,7.00
2022-01-19,10.00
2022-01-20,11.00
2022-01-21,9.00
2022-01-22,2.00
2022-01-23,0.00
2022-01-24,17.00
2022-01-25,14.00
2022-01-26,2.00
2022-01-27,0.00
2022-01-28,6.00
2022-01-29,9.00
2022-01-30,5.00
2022-01-31,2.00
2022-02-01,18.00
2022-02-02,2.00
2022-02-03,0.00
2022-02-04,7.00
2022-02-05,6.00
2022-02-06,4.00
2022-02-07,7.00
2022-02-08,12.00
2022-02-09,12.00
2022-02-10,4.00
2022-02-11,9.00
2022-02-12,27.00
2022-02-13,29.00
2022-02-14,12.00
2022-02-15,12.00
2022-02-16,11.00
2022-02-17,11.00
2022-02-18,6.00
2022-02-19,5.00
2022-02-20,5.00
2022-02-21,20.00
2022-02-22,6.00
2022-02-23,13.00
2022-02-24,11.00
2022-02-25,10.00
2022-02-26,5.00
2022-02-27,9.00
2022-02-28,25.00
2022-03-01,20.00
2022-03-02,28.00
2022-03-03,9.00
2022-03-04,2.00
2022-03-05,3.00
2022-03-06,9.00
2022-03-07,12.00
2022-03-08,3.00
2022-03-09,1.00
2022-03-10,3.00
2022-03-11,6.00
2022-03-12,9.00
2022-03-13,3.00
2022-03-14,4.00
2022-03-15,15.00
2022-03-16,23.00
2022-03-17,10.00
2022-03-18,6.00
2022-03-19,8.00
2022-03-20,0.00
2022-03-21,7.00
2022-03-22,4.00
2022-03-23,1.00
2022-03-24,6.00
2022-03-25,25.00
2022-03-26,0.00
2022-03-27,3.00
2022-03-28,2.00
2022-03-29,2.00
2022-03-30,2.00
2022-03-31,2.00
2022-04-01,12.00
2022-04-02,9.00
2022-04-03,2.00
2022-04-04,9.00
2022-04-05,7.00
2022-04-06,13.00
2022-04-07,7.00
2022-04-08,6.00
2022-04-09,14.00
2022-04-10,7.00
2022-04-11,1.00
2022-04-12,14.00
2022-04-13,5.00
2022-04-14,8.00
2022-04-15,5.00
2022-04-16,1.00
2022-04-17,12.00
2022-04-18,10.00
2022-04-19,3.00
2022-04-20,0.00
2022-04-21,6.00
2022-04-22,8.00
2022-04-23,15.00
2022-04-24,2.00
2022-04-25,10.00
2022-04-26,2.00
2022-04-27,5.00
2022-04-28,9.00
2022-04-29,5.00
2022-04-30,5.00
2022-05-01,11.00
2022-05-02,8.00
2022-05-03,3.00
2022-05-04,7.00
2022-05-05,2.00
2022-05-06,1.00
2022-05-07,6.00
2022-05-08,12.00
2022-05-09,5.00
2022-05-10,10.00
2022-05-11,14.00
2022-05-12,12.00
2022-05-13,3.00
2022-05-14,8.00
2022-05-15,6.00
2022-05-16,10.00
2022-05-17,4.00
2022-05-18,5.00
2022-05-19,10.00
2022-05-20,5.00
2022-05-21,4.00
2022-05-22,6.00
2022-05-23,12.00
2022-05-24,10.00
2022-05-25,13.00
2022-05-26,16.00
2022-05-27,15.00
2022-05-28,6.00
2022-05-29,6.00
2022-05-30,8.00
2022-05-31,2.00
2022-06-01,5.00
2022-06-02,19.00
2022-06-03,13.00
2022-06-04,12.00
2022-06-05,4.00
2022-06-06,15.00
2022-06-07,12.00
2022-06-08,6.00
2022-06-09,10.00
2022-06-10,5.00
2022-06-11,16.00
2022-06-12,7.00
2022-06-13,8.00
2022-06-14,13.00
2022-06-15,21.00
2022-06-16,3.00
2022-06-17,3.00
2022-06-18,14.00
2022-06-19,3.00
2022-06-20,6.00
2022-06-21,9.00
2022-06-22,22.00
2022-06-23,4.00
2022-06-24,2.00
2022-06-25,18.00
2022-06-26,4.00
2022-06-27,6.00
2022-06-28,18.00
2022-06-29,11.00
2022-06-30,18.00
2022-07-01,10.00
2022-07-02,18.00
2022-07-03,8.00
2022-07-04,10.00
2022-07-05,3.00
2022-07-06,15.00
2022-07-07,10.00
2022-07-08,18.00
2022-07-09,2.00
2022-07-10,11.00
2022-07-11,21.00
2022-07-12,10.00
2022-07-13,11.00
2022-07-14,18.00
2022-07-15,16.00
2022-07-16,10.00
2022-07-17,17.00
2022-07-18,15.00
2022-07-19,10.00
2022-07-20,10.00
2022-07-21,26.00
2022-07-22,3.00
2022-07-23,14.00
2022-07-24,9.00
2022-07-25,9.00
2022-07-26,15.00
2022-07-27,2.00
2022-07-28,12.00
2022-07-29,1.00
2022-07-30,0.00
2022-07-31,4.00
2022-08-01,4.00
2022-08-02,3.00
2022-08-03,12.00
2022-08-04,1.00
2022-08-05,14.00
2022-08-06,6.00
2022-08-07,5.00
2022-08-08,6.00
2022-08-09,9.00
2022-08-10,2.00
2022-08-11,6.00
2022-08-12,8.00
2022-08-13,2.00
2022-08-14,6.00
2022-08-15,7.00
2022-08-16,15.00
2022-08-17,5.00
2022-08-18,8.00
2022-08-19,12.00
2022-08-20,9.00
2022-08-21,15.00
2022-08-22,4.00
2022-08-23,5.00
2022-08-24,3.00
2022-08-25,13.00
2022-08-26,8.00
2022-08-27,12.00
2022-08-28,4.00
2022-08-29,14.00
2022-08-30,18.00
2022-08-31,22.00
2022-09-01,12.00
2022-09-02,5.00
2022-09-03,9.00
2022-09-04,1.00
2022-09-05,4.00
2022-09-06,13.00
2022-09-07,12.00
2022-09-08,10.00
2022-09-09,10.00
2022-09-10,2.00
2022-09-11,4.00
2022-09-12,4.00
2022-09-13,12.00
2022-09-14,15.00
2022-09-15,7.00
2022-09-16,16.00
2022-09-17,2.00
2022-09-18,8.00
2022-09-19,5.00
2022-09-20,6.00
2022-09-21,7.00
2022-09-22,2.00
2022-09-23,8.00
2022-09-24,7.00
2022-09-25,4.00
2022-09-26,5.00
2022-09-27,1.00
2022-09-28,11.00
2022-09-29,16.00
2022-09-30,20.00
2022-10-01,0.00
2022-10-02,8.00
2022-10-03,6.00
2022-10-04,14.00
2022-10-05,10.00
2022-10-06,2.00
2022-10-07,15.00
2022-10-08,31.00
2022-10-09,32.00
2022-10-10,35.00
2022-10-11,21.00
2022-10-12,25.00
2022-10-13,15.00
2022-10-14,18.00
2022-10-15,2.00
2022-10-16,2.00
2022-10-17,1.00
2022-10-18,8.00
2022-10-19,11.00
2022-10-20,19.00
2022-10-21,11.00
2022-10-22,7.00
2022-10-23,2.00
2022-10-24,4.00
2022-10-25,7.00
2022-10-26,16.00
2022-10-27,22.00
2022-10-28,13.00
2022-10-29,8.00
2022-10-30,28.00
2022-10-31,10.00
2022-11-01,3.00
2022-11-02,5.00
2022-11-03,5.00
2022-11-04,9.00
2022-11-05,7.00
2022-11-06,6.00
2022-11-07,9.00
2022-11-08,8.00
2022-11-09,6.00
2022-11-10,0.00
2022-11-11,5.00
2022-11-12,2.00
2022-11-13,6.00
2022-11-14,4.00
2022-11-15,14.00
2022-11-16,9.00
2022-11-17,6.00
2022-11-18,21.00
2022-11-19,2.00
2022-11-20,2.00
2022-11-21,12.00
2022-11-22,3.00
2022-11-23,8.00
2022-11-24,1.00
2022-11-25,3.00
2022-11-26,17.00
2022-11-27,1.00
2022-11-28,4.00
2022-11-29,1.00
2022-11-30,7.00
2022-12-01,8.00
2022-12-02,8.00
2022-12-03,15.00
2022-12-04,7.00
2022-12-05,7.00
2022-12-06,8.00
2022-12-07,16.00
2022-12-08,4.00
2022-12-09,4.00
2022-12-10,1.00
2022-12-11,9.00
2022-12-12,6.00
2022-12-13,5.00
2022-12-14,1.00
2022-12-15,8.00
2022-12-16,16.00
2022-12-17,10.00
2022-12-18,10.00
2022-12-19,12.00
2022-12-20,9.00
2022-12-21,8.00
2022-12-22,6.00
2022-12-23,2.00
2022-12-24,5.00
2022-12-25,3.00
2022-12-26,8.00
2022-12-27,12.00
2022-12-28,18.00
2022-12-29,13.00
2022-12-30,12.00
2022-12-31,3.00
2023-01-01,3.00
2023-01-02,3.00
2023-01-03,2.00
2023-01-04,3.00
2023-01-05,14.00
2023-01-06,16.00
2023-01-07,3.00
2023-01-08,13.00
2023-01-09,2.00
2023-01-10,3.00
2023-01-11,10.00
2023-01-12,11.00
2023-01-13,2.00
2023-01-14,3.00
2023-01-15,13.00
2023-01-16,7.00
2023-01-17,14.00
2023-01-18,3.00
2023-01-19,12.00
2023-01-20,13.00
2023-01-21,5.00
2023-01-22,0.00
2023-01-23,5.00
2023-01-24,12.00
2023-01-25,12.00
2023-01-26,5.00
2023-01-27,1.00
2023-01-28,7.00
2023-01-29,2.00
2023-01-30,2.00
2023-01-31,6.00
2023-02-01,29.00
2023-02-02,5.00
2023-02-03,14.00
2023-02-04,9.00
2023-02-05,3.00
2023-02-06,10.00
2023-02-07,11.00
2023-02-08,8.00
2023-02-09,8.00
2023-02-10,5.00
2023-02-11,4.00
2023-02-12,6.00
2023-02-13,11.00
2023-02-14,7.00
2023-02-15,5.00
2023-02-16,11.00
2023-02-17,9.00
2023-02-18,2.00
2023-02-19,6.00
2023-02-20,10.00
2023-02-21,4.00
2023-02-22,5.00
2023-02-23,6.00
2023-02-24,9.00
2023-02-25,17.00
2023-02-26,4.00
2023-02-27,13.00
2023-02-28,8.00
2023-03-01,4.00
2023-03-02,10.00
2023-03-03,15.00
2023-03-04,8.00
2023-03-05,6.00
2023-03-06,14.00
2023-03-07,15.00
2023-03-08,19.00
2023-03-09,16.00
2023-03-10,7.00
2023-03-11,6.00
2023-03-12,2.00
2023-03-13,6.00
2023-03-14,2.00
2023-03-15,0.00
2023-03-16,11.00
2023-03-17,10.00
2023-03-18,22.00
2023-03-19,2.00
2023-03-20,5.00
2023-03-21,11.00
2023-03-22,12.00
2023-03-23,16.00
2023-03-24,30.00
2023-03-25,2.00
2023-03-26,4.00
2023-03-27,2.00
2023-03-28,16.00
2023-03-29,7.00
2023-03-30,4.00
2023-03-31,10.00
2023-04-01,9.00
2023-04-02,3.00
2023-04-03,15.00
2023-04-04,10.00
2023-04-05,3.00
2023-04-06,7.00
2023-04-07,0.00
2023-04-08,8.00
2023-04-09,2.00
2023-04-10,12.00
2023-04-11,11.00
2023-04-12,8.00
2023-04-13,1.00
2023-04-14,3.00
2023-04-15,1.00
2023-04-16,7.00
2023-04-17,2.00
2023-04-18,2.00
2023-04-19,11.00
2023-04-20,6.00
2023-04-21,9.00
2023-04-22,7.00
2023-04-23,8.00
2023-04-24,7.00
2023-04-25,8.00
2023-04-26,3.00
2023-04-27,4.00
2023-04-28,9.00
2023-04-29,12.00
2023-04-30,1.00
2023-05-01,22.00
2023-05-02,13.00
2023-05-03,17.00
2023-05-04,15.00
2023-05-05,1.00
2023-05-06,23.00
2023-05-07,4.00
2023-05-08,14.00
2023-05-09,7.00
2023-05-10,9.00
2023-05-11,14.00
2023-05-12,19.00
2023-05-13,8.00
2023-05-14,4.00
2023-05-15,10.00
2023-05-16,6.00
2023-05-17,13.00
2023-05-18,1.00
2023-05-19,9.00
2023-05-20,6.00
2023-05-21,3.00
2023-05-22,4.00
2023-05-23,6.00
2023-05-24,18.00
2023-05-25,10.00
2023-05-26,16.00
2023-05-27,6.00
2023-05-28,0.00
2023-05-29,2.00
2023-05-30,13.00
2023-05-31,30.00
2023-06-01,12.00
2023-06-02,9.00
2023-06-03,4.00
2023-06-04,3.00
2023-06-05,2.00
2023-06-06,7.00
2023-06-07,11.00
2023-06-08,5.00
2023-06-09,19.00
2023-06-10,6.00
2023-06-11,0.00
2023-06-12,8.00
2023-06-13,2.00
2023-06-14,59.00
2023-06-15,0.00
2023-06-16,4.00
2023-06-17,5.00
2023-06-18,11.00
2023-06-19,16.00
2023-06-20,4.00
2023-06-21,25.00
2023-06-22,11.00
2023-06-23,8.00
2023-06-24,8.00
2023-06-25,9.00
2023-06-26,18.00
2023-06-27,8.00
2023-06-28,11.00
2023-06-29,14.00
2023-06-30,10.00
2023-07-01,14.00
2023-07-02,5.00
2023-07-03,4.00
2023-07-04,22.00
2023-07-05,10.00
2023-07-06,10.00
2023-07-07,5.00
2023-07-08,19.00
2023-07-09,10.00
2023-07-10,15.00
2023-07-11,16.00
2023-07-12,5.00
2023-07-13,18.00
2023-07-14,17.00
2023-07-15,14.00
2023-07-16,4.00
2023-07-17,9.00
2023-07-18,19.00
2023-07-19,3.00
2023-07-20,5.00
2023-07-21,9.00
2023-07-22,5.00
2023-07-23,0.00
2023-07-24,2.00
2023-07-25,26.00
2023-07-26,7.00
2023-07-27,10.00
2023-07-28,13.00
2023-07-29,15.00
2023-07-30,7.00
2023-07-31,7.00
2023-08-01,7.00
2023-08-02,4.00
2023-08-03,0.00
2023-08-04,6.00
2023-08-05,2.00
2023-08-06,0.00
2023-08-07,2.00
2023-08-08,8.00
2023-08-09,6.00
2023-08-10,15.00
2023-08-11,21.00
2023-08-12,3.00
2023-08-13,12.00
2023-08-14,12.00
2023-08-15,3.00
2023-08-16,15.00
2023-08-17,15.00
2023-08-18,17.00
2023-08-19,1.00
2023-08-20,11.00
2023-08-21,14.00
2023-08-22,27.00
2023-08-23,21.00
2023-08-24,7.00
2023-08-25,18.00
2023-08-26,19.00
2023-08-27,1.00
2023-08-28,10.00
2023-08-29,6.00
2023-08-30,8.00
2023-08-31,9.00
2023-09-01,14.00
2023-09-02,2.00
2023-09-03,7.00
2023-09-04,4.00
2023-09-05,7.00
2023-09-06,9.00
2023-09-07,12.00
2023-09-08,18.00
2023-09-09,3.00
2023-09-10,1.00
2023-09-11,19.00
2023-09-12,8.00
2023-09-13,7.00
2023-09-14,33.00
2023-09-15,18.00
2023-09-16,16.00
2023-09-17,2.00
2023-09-18,8.00
2023-09-19,11.00
2023-09-20,5.00
2023-09-21,8.00
2023-09-22,9.00
2023-09-23,10.00
2023-09-24,0.00
2023-09-25,6.00
2023-09-26,9.00
2023-09-27,12.00
2023-09-28,5.00
2023-09-29,16.00
2023-09-30,2.00
2023-10-01,3.00
2023-10-02,17.00
2023-10-03,6.00
2023-10-04,10.00
2023-10-05,11.00
2023-10-06,0.00
2023-10-07,0.00
2023-10-08,2.00
2023-10-09,0.00
2023-10-10,5.00
2023-10-11,9.00
2023-10-12,25.00
2023-10-13,3.00
2023-10-14,1.00
2023-10-15,0.00
2023-10-16,6.00
2023-10-17,5.00
2023-10-18,9.00
2023-10-19,4.00
2023-10-20,7.00
2023-10-21,0.00
2023-10-22,0.00
2023-10-23,3.00
2023-10-24,11.00
2023-10-25,6.00
2023-10-26,11.00
2023-10-27,15.00
2023-10-28,1.00
2023-10-29,2.00
2023-10-30,1.00
2023-10-31,4.00
2023-11-01,11.00
2023-11-02,4.00
2023-11-03,5.00
2023-11-04,2.00
2023-11-05,6.00
2023-11-06,8.00
2023-11-07,18.00
2023-11-08,21.00
2023-11-09,13.00
2023-11-10,2.00
2023-11-11,1.00
2023-11-12,1.00
2023-11-13,7.00
2023-11-14,4.00
2023-11-15,11.00
2023-11-16,16.00
2023-11-17,9.00
2023-11-18,2.00