date,treasury
2020-08-13,1505510650.69
2020-08-14,1653663918.55
2020-08-15,1014931357.35
2020-08-16,876304509.70
2020-08-17,658190762.53
2020-08-18,522856738.71
2020-08-19,584892959.20
2020-08-20,574906901.08
2020-08-21,477916224.74
2020-08-22,460636012.72
2020-08-23,448209310.63
2020-08-24,434084756.40
2020-08-25,427976909.04
2020-08-26,549226164.39
2020-08-27,500551500.41
2020-08-28,528795991.08
2020-08-29,462653946.32
2020-08-30,544531417.83
2020-08-31,682002537.35
2020-09-01,816197574.67
2020-09-02,645932164.37
2020-09-03,435147894.91
2020-09-04,442885587.10
2020-09-05,284583378.85
2020-09-06,327002592.55
2020-09-07,314692295.44
2020-09-08,274542868.62
2020-09-09,297006933.82
2020-09-10,293369678.70
2020-09-11,286675090.33
2020-09-12,311773055.52
2020-09-13,288289105.57
2020-09-14,276847877.10
2020-09-15,212324023.21
2020-09-16,192879791.15
2020-09-17,199424640.33
2020-09-18,186555530.45
2020-09-19,223046068.38
2020-09-20,205992852.98
2020-09-21,166255278.44
2020-09-22,160289048.18
2020-09-23,136311706.49
2020-09-24,149054731.75
2020-09-25,145878299.20
2020-09-26,167715096.38
2020-09-27,155025370.32
2020-09-28,151735700.69
2020-09-29,142941615.33
2020-09-30,143339993.32
2020-10-01,132282214.82
2020-10-02,114044097.35
2020-10-03,115404522.13
2020-10-04,105115963.08
2020-10-05,94218593.54
2020-10-06,76767022.29
2020-10-07,79145514.44
2020-10-08,84446471.50
2020-10-09,94858540.08
2020-10-10,84212147.36
2020-10-11,84008013.82
2020-10-12,85789900.21
2020-10-13,82273765.04
2020-10-14,76426084.60
2020-10-15,74930547.08
2020-10-16,64813118.13
2020-10-17,66003103.19
2020-10-18,68751173.09
2020-10-19,62661413.75
2020-10-20,54333550.25
2020-10-21,57965545.05
2020-10-22,61674460.59
2020-10-23,57285990.55
2020-10-24,56405377.04
2020-10-25,50472658.77
2020-10-26,61981161.98
2020-10-27,98790458.25
2020-10-28,74343701.18
2020-10-29,67375726.41
2020-10-30,60034565.54
2020-10-31,62703585.27
2020-11-01,60305105.74
2020-11-02,54637268.28
2020-11-03,53732639.75
2020-11-04,51705015.70
2020-11-05,54411961.56
2020-11-06,65633656.62
2020-11-07,65153223.29
2020-11-08,71230132.64
2020-11-09,68443249.31
2020-11-10,85477869.73
2020-11-11,82857487.25
2020-11-12,84322163.65
2020-11-13,104168546.63
2020-11-14,108211869.64
2020-11-15,117626717.26
2020-11-16,125188811.91
2020-11-17,132807187.72
2020-11-18,115157302.34
2020-11-19,121134605.67
2020-11-20,129180735.66
2020-11-21,129281649.46
2020-11-22,112724814.38
2020-11-23,111325390.36
2020-11-24,103085676.38
2020-11-25,97896720.57
2020-11-26,89020574.68
2020-11-27,96774709.67
2020-11-28,92542126.74
2020-11-29,99589104.32
2020-11-30,102943824.94
2020-12-01,102880774.84
2020-12-02,121402423.53
2020-12-03,125261338.32
2020-12-04,103505241.45
2020-12-05,111670215.42
2020-12-06,106416803.83
2020-12-07,107108942.25
2020-12-08,91850283.78
2020-12-09,96316990.33
2020-12-10,91060992.72
2020-12-11,85100087.62
2020-12-12,87630324.86
2020-12-13,90584169.80
2020-12-14,94537999.42
2020-12-15,92736149.96
2020-12-16,95468343.31
2020-12-17,96493626.27
2020-12-18,94192236.98
2020-12-19,97851675.71
2020-12-20,90138616.71
2020-12-21,83041878.86
2020-12-22,82976821.28
2020-12-23,62051868.22
2020-12-24,70680918.62
2020-12-25,72081163.63
2020-12-26,69156635.75
2020-12-27,69667581.13
2020-12-28,74060597.57
2020-12-29,70200434.54
2020-12-30,86007840.83
2020-12-31,92766559.19
2021-01-01,92545715.41
2021-01-02,91067407.92
2021-01-03,99989417.20
2021-01-04,99510054.14
2021-01-05,102063016.63
2021-01-06,107972600.76
2021-01-07,106298936.16
2021-01-08,103009454.83
2021-01-09,114459957.21
2021-01-10,112107508.90
2021-01-11,92317621.22
2021-01-12,92153804.32
2021-01-13,101780831.42
2021-01-14,118135121.61
2021-01-15,170677713.54
2021-01-16,163632602.25
2021-01-17,248084148.90
2021-01-18,236524996.64
2021-01-19,197586355.46
2021-01-20,242387108.56
2021-01-21,247956866.73
2021-01-22,291844183.35
2021-01-23,317027558.63
2021-01-24,335728744.29
2021-01-25,296234724.45
2021-01-26,317050508.71
2021-01-27,267500799.80
2021-01-28,307676281.89
2021-01-29,303786949.51
2021-01-30,375448370.95
2021-01-31,371744994.45
2021-02-01,373738947.36
2021-02-02,368145802.28
2021-02-03,391089053.61
2021-02-04,451747594.60
2021-02-05,482379282.28
2021-02-06,463598382.63
2021-02-07,442291389.45
2021-02-08,454206137.84
2021-02-09,473527530.44
2021-02-10,456682320.83
2021-02-11,521164938.48
2021-02-12,500490690.82
2021-02-13,488800691.22
2021-02-14,441516517.30
2021-02-15,400916580.92
2021-02-16,392431069.46
2021-02-17,413644195.55
2021-02-18,414916963.76
2021-02-19,386501108.90
2021-02-20,428295293.97
2021-02-21,429019006.47
2021-02-22,381751172.11
2021-02-23,315507585.71
2021-02-24,318894419.16
2021-02-25,297526833.76
2021-02-26,283393719.05
2021-02-27,290812385.94
2021-02-28,262193416.02
2021-03-01,294938337.13
2021-03-02,372740801.21
2021-03-03,338240484.27
2021-03-04,305183171.79
2021-03-05,304284773.81
2021-03-06,302024076.39
2021-03-07,330858640.95
2021-03-08,351716232.11
2021-03-09,356298752.97
2021-03-10,326993204.99
2021-03-11,322509189.11
2021-03-12,302912668.83
2021-03-13,351411913.38
2021-03-14,314002065.28
2021-03-15,331296101.33
2021-03-16,383984996.76
2021-03-17,360214432.27
2021-03-18,384772033.78
2021-03-19,404078337.81
2021-03-20,399489173.11
2021-03-21,382687050.42
2021-03-22,350319946.74
2021-03-23,426853729.35
2021-03-24,372127303.95
2021-03-25,353333417.74
2021-03-26,387435507.10
2021-03-27,462159822.50
2021-03-28,444588053.99
2021-03-29,521211681.69
2021-03-30,485634534.53
2021-03-31,459266015.59
2021-04-01,492015279.31
2021-04-02,500584994.28
2021-04-03,433686767.44
2021-04-04,457125841.46
2021-04-05,486847222.92
2021-04-06,466943128.86
2021-04-07,426683985.00
2021-04-08,450594391.06
2021-04-09,437003713.75
2021-04-10,436057950.60
2021-04-11,458176599.57
2021-04-12,448414345.34
2021-04-13,461718112.95
2021-04-14,468795309.54
2021-04-15,595184054.47
2021-04-16,582748494.87
2021-04-17,563387625.03
2021-04-18,478417167.42
2021-04-19,415378374.06
2021-04-20,444373195.94
2021-04-21,427081045.74
2021-04-22,410513399.19
2021-04-23,387774880.73
2021-04-24,349291233.97
2021-04-25,350761938.79
2021-04-26,410487622.03
2021-04-27,462914167.45
2021-04-28,447467764.29
2021-04-29,446544823.47
2021-04-30,491609997.11
2021-05-01,503354892.45
2021-05-02,481530487.86
2021-05-03,479896054.45
2021-05-04,420695198.11
2021-05-05,459144884.40
2021-05-06,479534754.08
2021-05-07,536415564.98
2021-05-08,530756343.09
2021-05-09,427514909.21
2021-05-10,381211279.38
2021-05-11,408964748.66
2021-05-12,412540171.05
2021-05-13,414928791.43
2021-05-14,458365087.28
2021-05-15,396553215.76
2021-05-16,404409182.70
2021-05-17,381086790.73
2021-05-18,432664341.13
2021-05-19,247076123.43
2021-05-20,272417383.15
2021-05-21,228003213.30
2021-05-22,201519418.09
2021-05-23,163820289.95
2021-05-24,200795285.86
2021-05-25,198900757.73
2021-05-26,235724579.46
2021-05-27,217345070.67
2021-05-28,196296181.29
2021-05-29,215471402.13
2021-05-30,208042704.17
2021-05-31,243380306.44
2021-06-01,254026666.81
2021-06-02,291209984.07
2021-06-03,311186703.15
2021-06-04,332427138.98
2021-06-05,313036994.97
2021-06-06,303054849.97
2021-06-07,264724130.59
2021-06-08,288490115.60
2021-06-09,312645429.98
2021-06-10,280911708.51
2021-06-11,266396264.62
2021-06-12,257304072.63
2021-06-13,273419822.29
2021-06-14,281267574.53
2021-06-15,278783078.35
2021-06-16,255002981.74
2021-06-17,258700861.19
2021-06-18,238588661.90
2021-06-19,230782489.59
2021-06-20,238839812.85
2021-06-21,179274978.27
2021-06-22,173597383.22
2021-06-23,186077890.84
2021-06-24,207547452.55
2021-06-25,180466754.51
2021-06-26,184936447.90
2021-06-27,196731859.07
2021-06-28,199471703.24
2021-06-29,221329935.92
2021-06-30,225703751.82
2021-07-01,210883947.65
2021-07-02,205820393.33
2021-07-03,218314783.65
2021-07-04,228349517.78
2021-07-05,223764320.73
2021-07-06,243301313.08
2021-07-07,240804511.90
2021-07-08,216958278.74
2021-07-09,219453804.18
2021-07-10,217057904.38
2021-07-11,218238805.12
2021-07-12,207686326.74
2021-07-13,197900872.08
2021-07-14,198335668.69
2021-07-15,186544873.72
2021-07-16,175598310.51
2021-07-17,176464157.52
2021-07-18,175127032.24
2021-07-19,166770683.49
2021-07-20,158812552.54
2021-07-21,178454310.41
2021-07-22,190524512.93
2021-07-23,199557650.29
2021-07-24,191456321.08
2021-07-25,188287637.42
2021-07-26,190280898.35
2021-07-27,194655098.38
2021-07-28,189574237.17
2021-07-29,200675439.48
2021-07-30,211177405.35
2021-07-31,212541236.26
2021-08-01,206023675.59
2021-08-02,201230593.30
2021-08-03,194081166.00
2021-08-04,200746731.01
2021-08-05,220177283.70
2021-08-06,239247860.46
2021-08-07,236513533.23
2021-08-08,218551366.23
2021-08-09,232204893.57
2021-08-10,256102553.39
2021-08-11,253180713.29
2021-08-12,250562775.44
2021-08-13,292152904.04
2021-08-14,280196688.29
2021-08-15,274081965.27
2021-08-16,262555001.76
2021-08-17,237355478.52
2021-08-18,238346443.41
2021-08-19,264644345.34
2021-08-20,282014806.71
2021-08-21,276166942.16
2021-08-22,303795480.58
2021-08-23,292605899.88
2021-08-24,260423498.26
2021-08-25,271966583.17
2021-08-26,256735331.69
2021-08-27,268666585.63
2021-08-28,258872631.01
2021-08-29,263056727.21
2021-08-30,260375032.37
2021-08-31,275473714.15
2021-09-01,288067021.01
2021-09-02,273864065.90
2021-09-03,274029250.33
2021-09-04,280706974.37
2021-09-05,305798979.95
2021-09-06,309973219.32
2021-09-07,245942761.05
2021-09-08,245198259.05
2021-09-09,296515347.66
2021-09-10,263979099.75
2021-09-11,279435119.40
2021-09-12,300158856.91
2021-09-13,292179880.14
2021-09-14,346729876.10
2021-09-15,374693047.88
2021-09-16,385134883.84
2021-09-17,347201192.09
2021-09-18,357028208.61
2021-09-19,377247663.26
2021-09-20,296934418.21
2021-09-21,272375435.02
2021-09-22,303797979.64
2021-09-23,346483305.61
2021-09-24,300093800.80
2021-09-25,286482901.30
2021-09-26,315752672.76
2021-09-27,295324156.17
2021-09-28,279381172.98
2021-09-29,282030813.61
2021-09-30,286001724.00
2021-10-01,312427687.64
2021-10-02,315999414.76
2021-10-03,351160854.07
2021-10-04,354906815.67
2021-10-05,361955557.11
2021-10-06,339000174.86
2021-10-07,346898602.77
2021-10-08,364207622.18
2021-10-09,358665903.56
2021-10-10,333972660.03
2021-10-11,332271465.55
2021-10-12,332178804.37
2021-10-13,369136961.41
2021-10-14,355625980.41
2021-10-15,360922799.98
2021-10-16,359179982.43
2021-10-17,355803079.34
2021-10-18,343908135.38
2021-10-19,346296155.27
2021-10-20,362121868.44
2021-10-21,354269760.15
2021-10-22,413337437.41
2021-10-23,454157388.73
2021-10-24,431874229.87
2021-10-25,595399235.22
2021-10-26,573680869.50
2021-10-27,553329350.20
2021-10-28,589276408.34
2021-10-29,578120186.11
2021-10-30,584890908.71
2021-10-31,546719442.53
2021-11-01,554421284.01
2021-11-02,529299318.36
2021-11-03,540421425.38
2021-11-04,513528984.81
2021-11-05,502964664.61
2021-11-06,507198082.56
2021-11-07,559563693.49
2021-11-08,575093241.83
2021-11-09,562325445.71
2021-11-10,503177598.57
2021-11-11,517995812.70
2021-11-12,500168832.01
2021-11-13,525890728.99
2021-11-14,509531731.82
2021-11-15,484885017.10
2021-11-16,459463170.33
2021-11-17,498425321.81
2021-11-18,510694528.04
2021-11-19,493444512.73
2021-11-20,487139052.85
2021-11-21,470803954.82
2021-11-22,525268754.71
2021-11-23,628582082.75
2021-11-24,721929382.75
2021-11-25,731277838.28
2021-11-26,612920077.86
2021-11-27,596190714.61
2021-11-28,605904155.91
2021-11-29,583390041.12
2021-11-30,623233497.38
2021-12-01,615032490.11
2021-12-02,587832578.13
2021-12-03,543906863.24
2021-12-04,467566484.73
2021-12-05,448402727.06
2021-12-06,462227955.00
2021-12-07,518064422.30
2021-12-08,516516478.56
2021-12-09,457657733.55
2021-12-10,416426941.48
2021-12-11,464793230.14
2021-12-12,476907579.93
2021-12-13,414101826.33
2021-12-14,424270255.22
2021-12-15,459990712.47
2021-12-16,477576186.55
2021-12-17,529557617.25
2021-12-18,559517365.24
2021-12-19,516909686.55
2021-12-20,514603977.46
2021-12-21,576859384.27
2021-12-22,624735293.25
2021-12-23,641792468.46
2021-12-24,639690991.16
2021-12-25,724077965.98
2021-12-26,711889092.04
2021-12-27,659632676.86
2021-12-28,591421572.64
2021-12-29,598567985.19
2021-12-30,631688596.51
2021-12-31,662564773.18
2022-01-01,770428426.08
2022-01-02,749301527.89
2022-01-03,807835904.65
2022-01-04,757124033.15
2022-01-05,671891203.16
2022-01-06,668697769.26
2022-01-07,620988354.64
2022-01-08,573173478.47
2022-01-09,558992433.86
2022-01-10,534193892.64
2022-01-11,569307474.90
2022-01-12,606989647.10
2022-01-13,621048807.25
2022-01-14,658414378.57
2022-01-15,659118152.38
2022-01-16,639174076.67
2022-01-17,588876467.85
2022-01-18,564859189.85
2022-01-19,522144820.75
2022-01-20,492040773.40
2022-01-21,410139807.82
2022-01-22,355371540.21
2022-01-23,374933309.24
2022-01-24,348028248.65
2022-01-25,376270528.47
2022-01-26,357538706.54
2022-01-27,342214337.37
2022-01-28,362535029.14
2022-01-29,370227182.32
2022-01-30,398903820.73
2022-01-31,407271225.59
2022-02-01,432030080.97
2022-02-02,385047398.70
2022-02-03,385235715.88
2022-02-04,423065782.14
2022-02-05,427649032.57
2022-02-06,419222382.78
2022-02-07,441252585.51
2022-02-08,424391657.63
2022-02-09,436459347.59
2022-02-10,396107239.38
2022-02-11,357441590.08
2022-02-12,357938712.27
2022-02-13,339757431.84
2022-02-14,357442309.04
2022-02-15,393727146.93
2022-02-16,395550293.15
2022-02-17,362902454.78
2022-02-18,346646391.74
2022-02-19,345600858.71
2022-02-20,317113421.53
2022-02-21,291875045.22
2022-02-22,295753941.71
2022-02-23,285516307.14
2022-02-24,276142020.79
2022-02-25,294150760.43
2022-02-26,294441562.21
2022-02-27,271183095.19
2022-02-28,300876006.39
2022-03-01,314745545.40
2022-03-02,327796308.95
2022-03-03,312678671.03
2022-03-04,278654660.60
2022-03-05,277603857.38
2022-03-06,255165067.23
2022-03-07,245209024.58
2022-03-08,251278801.59
2022-03-09,266473484.26
2022-03-10,253246804.68
2022-03-11,244065563.71
2022-03-12,246127384.60
2022-03-13,237096431.90
2022-03-14,241497553.31
2022-03-15,241640989.38
2022-03-16,257237622.29
2022-03-17,264154311.36
2022-03-18,277082024.98
2022-03-19,281500951.73
2022-03-20,266374316.69
2022-03-21,271065311.62
2022-03-22,279491059.08
2022-03-23,295145800.64
2022-03-24,296855436.72
2022-03-25,281781910.55
2022-03-26,297395090.24
2022-03-27,322717516.15
2022-03-28,319693699.16
2022-03-29,346838368.28
2022-03-30,349637512.51
2022-03-31,325411894.54
2022-04-01,348306908.43
2022-04-02,357940630.76
2022-04-03,367355877.41
2022-04-04,358671381.79
2022-04-05,349644395.35
2022-04-06,311391693.77
2022-04-07,309745412.09
2022-04-08,290389210.37
2022-04-09,307393695.61
2022-04-10,299610846.73
2022-04-11,267993420.27
2022-04-12,273658246.91
2022-04-13,283751969.96
2022-04-14,275325955.77
2022-04-15,274899941.68
2022-04-16,276512125.80
2022-04-17,271613302.89
2022-04-18,270920479.42
2022-04-19,285191190.37
2022-04-20,288895960.75
2022-04-21,273027971.48
2022-04-22,307145422.28
2022-04-23,331978508.46
2022-04-24,334328813.75
2022-04-25,339201161.21
2022-04-26,294982146.74
2022-04-27,308329630.46
2022-04-28,297895399.74
2022-04-29,277173632.04
2022-04-30,245698706.47
2022-05-01,256256539.95
2022-05-02,261393679.33
2022-05-03,266741262.41
2022-05-04,322429067.84
2022-05-05,304137069.49
2022-05-06,285682972.47
2022-05-07,277273271.93
2022-05-08,291617085.37
2022-05-09,237884663.96
2022-05-10,244369845.39
2022-05-11,184916511.52
2022-05-12,160630688.35
2022-05-13,163474901.53
2022-05-14,175356339.81
2022-05-15,185755019.74
2022-05-16,169422563.34
2022-05-17,171864550.52
2022-05-18,151165622.73
2022-05-19,133674109.26
2022-05-20,140969157.60
2022-05-21,149700164.46
2022-05-22,159541518.72
2022-05-23,160172795.56
2022-05-24,154643954.49
2022-05-25,152268532.97
2022-05-26,148801108.13
2022-05-27,144631934.35
2022-05-28,152124391.98
2022-05-29,155482768.69
2022-05-30,171677502.53
2022-05-31,171100471.16
2022-06-01,156981876.68
2022-06-02,154449050.36
2022-06-03,145217923.39
2022-06-04,146013940.57
2022-06-05,149183625.13
2022-06-06,158199609.82
2022-06-07,147186681.70
2022-06-08,143533753.19
2022-06-09,141402091.56
2022-06-10,125992801.57
2022-06-11,112704509.16
2022-06-12,106643121.52
2022-06-13,88368253.09
2022-06-14,90407357.58
2022-06-15,94870938.84
2022-06-16,81583199.32
2022-06-17,82437793.37
2022-06-18,72583421.69
2022-06-19,80010222.47
2022-06-20,87295492.21
2022-06-21,90081213.08
2022-06-22,86789147.48
2022-06-23,102778704.98
2022-06-24,105234336.58
2022-06-25,102053460.15
2022-06-26,93221374.77
2022-06-27,90955805.36
2022-06-28,86081407.87
2022-06-29,87138826.03
2022-06-30,85593950.19
2022-07-01,93020047.82
2022-07-02,97008328.20
2022-07-03,98432814.91
2022-07-04,107363132.75
2022-07-05,119209324.37
2022-07-06,119598132.45
2022-07-07,130074361.97
2022-07-08,124573806.14
2022-07-09,126506007.64
2022-07-10,118471827.41
2022-07-11,109904173.81
2022-07-12,109039963.46
2022-07-13,130593568.62
2022-07-14,145401107.03
2022-07-15,136399947.73
2022-07-16,146001732.72
2022-07-17,134558838.37
2022-07-18,166884324.31
2022-07-19,153663020.56
2022-07-20,144287564.94
2022-07-21,173523238.93
2022-07-22,178373223.99
2022-07-23,173159730.70
2022-07-24,169833054.58
2022-07-25,146644849.61
2022-07-26,145235874.06
2022-07-27,163967428.35
2022-07-28,191153837.50
2022-07-29,177801519.06
2022-07-30,168156163.46
2022-07-31,164640854.31
2022-08-01,160991135.75
2022-08-02,166086510.63
2022-08-03,165008463.62
2022-08-04,164256198.02
2022-08-05,179597035.98
2022-08-06,170901843.52
2022-08-07,173926605.39
2022-08-08,176895254.82
2022-08-09,160565630.02
2022-08-10,170824259.87
2022-08-11,169805056.64
2022-08-12,175205536.52
2022-08-13,177282809.70
2022-08-14,171547438.87
2022-08-15,164211542.71
2022-08-16,159604699.10
2022-08-17,146280095.54
2022-08-18,138803506.35
2022-08-19,129460557.30
2022-08-20,123958301.08
2022-08-21,128093103.89
2022-08-22,136654023.80
2022-08-23,147137094.10
2022-08-24,146594397.20
2022-08-25,146215065.07
2022-08-26,129433916.05
2022-08-27,129806969.87
2022-08-28,122907856.86
2022-08-29,133735663.85
2022-08-30,130614420.11
2022-08-31,141875008.46
2022-09-01,142698592.52
2022-09-02,135218572.59
2022-09-03,132706183.65
2022-09-04,134595147.03
2022-09-05,142067602.64
2022-09-06,128020629.31
2022-09-07,144689482.68
2022-09-08,139944030.62
2022-09-09,148638247.29
2022-09-10,154417767.44
2022-09-11,147142858.09
2022-09-12,140865476.35
2022-09-13,130725696.57
2022-09-14,132784559.44
2022-09-15,129859104.78
2022-09-16,129993555.98
2022-09-17,135472531.05
2022-09-18,116035682.93
2022-09-19,122061171.41
2022-09-20,116923973.38
2022-09-21,106838993.22
2022-09-22,114148121.05
2022-09-23,117488155.14
2022-09-24,114096910.90
2022-09-25,110482318.25
2022-09-26,115225728.79
2022-09-27,113694429.87
2022-09-28,115997953.58
2022-09-29,114622046.02
2022-09-30,113241441.51
2022-10-01,110701885.92
2022-10-02,106899487.98
2022-10-03,110860676.47
2022-10-04,113074401.06
2022-10-05,111596307.31
2022-10-06,111264995.77
2022-10-07,110403095.34
2022-10-08,109231898.89
2022-10-09,109486134.17
2022-10-10,106127579.79
2022-10-11,101742123.61
2022-10-12,102305188.96
2022-10-13,99407105.56
2022-10-14,100088778.09
2022-10-15,100384304.37
2022-10-16,101476438.01
2022-10-17,110791429.52
2022-10-18,113007011.78
2022-10-19,106515717.21
2022-10-20,105495021.99
2022-10-21,111133086.31
2022-10-22,108708928.65
2022-10-23,113665898.92
2022-10-24,109011049.11
2022-10-25,113146583.69
2022-10-26,116023562.33
2022-10-27,112865599.55
2022-10-28,117201237.73
2022-10-29,115469029.05
2022-10-30,112041121.36
2022-10-31,109559862.03
2022-11-01,110176270.98
2022-11-02,106979198.45
2022-11-03,112168765.10
2022-11-04,126888589.90
2022-11-05,123442566.87
2022-11-06,117962545.05
2022-11-07,123766081.05
2022-11-08,95709130.16
2022-11-09,68146808.52
2022-11-10,84783712.70
2022-11-11,82207745.87
2022-11-12,74653125.58
2022-11-13,77920730.69
2022-11-14,75202475.04
2022-11-15,74677444.95
2022-11-16,72682855.70
2022-11-17,68453843.26
2022-11-18,68339905.88
2022-11-19,67097159.53
2022-11-20,63131236.34
2022-11-21,62187439.68
2022-11-22,78517502.75
2022-11-23,85584122.30
2022-11-24,85039345.01
2022-11-25,84017750.22
2022-11-26,87094551.71
2022-11-27,85057257.04
2022-11-28,79893257.67
2022-11-29,82195092.61
2022-11-30,82904915.10
2022-12-01,79989664.61
2022-12-02,81000917.16
2022-12-03,78650967.08
2022-12-04,83259988.66
2022-12-05,83265021.72
2022-12-06,84299478.84
2022-12-07,81482484.32
2022-12-08,82545961.69
2022-12-09,79393470.00
2022-12-10,79358697.95
2022-12-11,78428223.13
2022-12-12,76673081.46
2022-12-13,80592806.82
2022-12-14,79766309.86
2022-12-15,76569854.28
2022-12-16,67420399.82
2022-12-17,68909097.77
2022-12-18,68377138.00
2022-12-19,64571217.37
2022-12-20,65463232.37
2022-12-21,63835004.47
2022-12-22,64909505.92
2022-12-23,64898479.78
2022-12-24,64721263.18
2022-12-25,64539803.58
2022-12-26,66470315.00
2022-12-27,65165162.69
2022-12-28,63285386.85
2022-12-29,63593928.08
2022-12-30,65098911.53
2022-12-31,64749659.77
2023-01-01,65234189.11
2023-01-02,66532307.01
2023-01-03,65442930.91
2023-01-04,68615721.33
2023-01-05,67257622.91
2023-01-06,67102795.45
2023-01-07,67940687.34
2023-01-08,70911552.03
2023-01-09,80205915.85
2023-01-10,80619956.80
2023-01-11,83230772.96
2023-01-12,85380391.32
2023-01-13,99472858.35
2023-01-14,101346835.18
2023-01-15,103425507.86
2023-01-16,108266556.46
2023-01-17,113675154.68
2023-01-18,111487678.42
2023-01-19,111036187.14
2023-01-20,127504865.82
2023-01-21,123162480.81
2023-01-22,132873934.24
2023-01-23,133066277.72
2023-01-24,122524712.92
2023-01-25,128233143.30
2023-01-26,129810234.17
2023-01-27,140176417.71
2023-01-28,132777658.39
2023-01-29,134671399.79
2023-01-30,122735997.81
2023-01-31,126221901.60
2023-02-01,137954711.86
2023-02-02,131476990.67
2023-02-03,137806728.24
2023-02-04,137759322.29
2023-02-05,130042246.67
2023-02-06,129372982.53
2023-02-07,135327166.92
2023-02-08,140813662.50
2023-02-09,120284485.63
2023-02-10,118573022.83
2023-02-11,118229541.40
2023-02-12,115445734.74
2023-02-13,131022740.18
2023-02-14,133996765.01
2023-02-15,142357144.78
2023-02-16,135859078.20
2023-02-17,150485956.70
2023-02-18,155534700.21
2023-02-19,149675554.78
2023-02-20,157282707.91
2023-02-21,144454268.81
2023-02-22,136694433.62
2023-02-23,133588804.39
2023-02-24,122569705.20
2023-02-25,121369196.08
2023-02-26,126271602.86
2023-02-27,124929549.70
2023-02-28,123223954.25
2023-03-01,127776098.02
2023-03-02,122620033.59
2023-03-03,114816074.31
2023-03-04,112089056.92
2023-03-05,114824825.46
2023-03-06,118001842.31
2023-03-07,120779116.85
2023-03-08,110300920.38
2023-03-09,103669841.91
2023-03-10,110100787.81
2023-03-11,106921640.15
2023-03-12,118640257.87
2023-03-13,121659492.43
2023-03-14,122807173.62
2023-03-15,110810033.50
2023-03-16,113037630.86
2023-03-17,124864411.47
2023-03-18,123305485.97
2023-03-19,127171213.04
2023-03-20,119465581.40
2023-03-21,122914751.25
2023-03-22,116614221.48
2023-03-23,120030307.18
2023-03-24,112541763.79
2023-03-25,113464133.03
2023-03-26,115849153.75
2023-03-27,110248061.24
2023-03-28,113883609.52
2023-03-29,116980954.53
2023-03-30,114544784.47
2023-03-31,116286466.67
2023-04-01,114654094.59
2023-04-02,112044525.05
2023-04-03,113893563.60
2023-04-04,123388274.16
2023-04-05,124396923.88
2023-04-06,124396382.99
2023-04-07,125852428.75
2023-04-08,127194322.29
2023-04-09,125772109.73
2023-04-10,127010904.74
2023-04-11,126290726.89
2023-04-12,127477313.28
2023-04-13,132272518.97
2023-04-14,135562886.74
2023-04-15,135033438.16
2023-04-16,136485367.84
2023-04-17,130088699.21
2023-04-18,133643236.92
2023-04-19,117343260.65
2023-04-20,117022053.32
2023-04-21,113368006.60
2023-04-22,115453062.67
2023-04-23,117040459.58
2023-04-24,115140035.75
2023-04-25,116032842.15
2023-04-26,113619662.09
2023-04-27,116998304.49
2023-04-28,114632820.14
2023-04-29,115972132.71
2023-04-30,112316325.84
2023-05-01,109247202.67
2023-05-02,112197655.71
2023-05-03,120717127.88
2023-05-04,114954799.40
2023-05-05,119895586.61
2023-05-06,112660806.30
2023-05-07,109489277.35
2023-05-08,103971211.38
2023-05-09,102614402.13
2023-05-10,102690554.86
2023-05-11,98911840.62
2023-05-12,100140751.17
2023-05-13,99277294.37
2023-05-14,99566729.17
2023-05-15,101662947.05
2023-05-16,102500902.31
2023-05-17,103070454.84
2023-05-18,101545846.06
2023-05-19,102379479.23
2023-05-20,102727066.61
2023-05-21,103049394.13
2023-05-22,104755602.03
2023-05-23,107657452.77
2023-05-24,103035717.88
2023-05-25,102009716.68
2023-05-26,105916997.65
2023-05-27,105086869.56
2023-05-28,107195538.92
2023-05-29,105128312.13
2023-05-30,103422250.59
2023-05-31,100699666.97
2023-06-01,99604513.59
2023-06-02,105651067.89
2023-06-03,104670884.22
2023-06-04,105148269.33
2023-06-05,96516162.77
2023-06-06,98701243.58
2023-06-07,93884890.06
2023-06-08,94009212.23
2023-06-09,93236206.20
2023-06-10,83017721.70
2023-06-11,82254970.39
2023-06-12,79352439.66
2023-06-13,80289482.84
2023-06-14,70677055.59
2023-06-15,75208289.67
2023-06-16,77057321.04
2023-06-17,77262887.28
2023-06-18,77238957.19
2023-06-19,77879645.49
2023-06-20,82110917.12
2023-06-21,85365108.84
2023-06-22,82519888.02
2023-06-23,85536169.66
2023-06-24,82592604.59
2023-06-25,87469205.27
2023-06-26,83742697.88
2023-06-27,85318991.51
2023-06-28,82259415.08
2023-06-29,87460455.11
2023-06-30,94562289.49
2023-07-01,95729172.85
2023-07-02,95098781.01
2023-07-03,96740261.35
2023-07-04,100267842.31
2023-07-05,96873932.44
2023-07-06,90181414.05
2023-07-07,97238681.62
2023-07-08,95853058.97
2023-07-09,98558278.36
2023-07-10,100105727.77
2023-07-11,98219392.53
2023-07-12,97220077.49
2023-07-13,104457186.10
2023-07-14,101232655.05
2023-07-15,101612349.71
2023-07-16,100381620.06
2023-07-17,99983707.08
2023-07-18,97045915.32
2023-07-19,96384115.82
2023-07-20,97056613.47
2023-07-21,95324780.84
2023-07-22,92994294.44
2023-07-23,93832187.66
2023-07-24,89938267.38
2023-07-25,89606073.75
2023-07-26,90215679.67
2023-07-27,89925466.17
2023-07-28,89831628.54
2023-07-29,90810202.03
2023-07-30,77349442.68
2023-07-31,70388710.03
2023-08-01,76431019.40
2023-08-02,72165762.07
2023-08-03,72315100.76
2023-08-04,75952957.17
2023-08-05,76952580.11
2023-08-06,75920164.07
2023-08-07,75534580.70
2023-08-08,74346766.50
2023-08-09,76036525.16
2023-08-10,75370294.90
2023-08-11,73530414.20
2023-08-12,72181746.92
2023-08-13,71447722.15
2023-08-14,71748582.13
2023-08-15,68551827.13
2023-08-16,66934110.38
2023-08-17,62038102.97
2023-08-18,61028194.13
2023-08-19,62239828.24
2023-08-20,61783317.06
2023-08-21,59550663.85
2023-08-22,58505630.85
2023-08-23,58070652.41
2023-08-24,56258829.72
2023-08-25,56346114.54
2023-08-26,56133808.88
2023-08-27,56818772.48
2023-08-28,60353304.74
2023-08-29,60008389.55
2023-08-30,58254167.34
2023-08-31,56017078.26
2023-09-01,54312531.17
2023-09-02,54131878.90
2023-09-03,53797312.94
2023-09-04,54009660.29
2023-09-05,54791595.53
2023-09-06,55798524.96
2023-09-07,55152334.44
2023-09-08,54481463.42
2023-09-09,54837951.30
2023-09-10,52790489.99
2023-09-11,50189092.25
2023-09-12,49595903.32
2023-09-13,51423983.17
2023-09-14,52032861.92
2023-09-15,53932978.98
2023-09-16,54113114.31
2023-09-17,53356394.25
2023-09-18,52967923.80
2023-09-19,54857583.21
2023-09-20,54581596.10
2023-09-21,55022868.38
2023-09-22,60846215.31
2023-09-23,58732216.87
2023-09-24,63582428.79
2023-09-25,64362957.10
2023-09-26,64726650.95
2023-09-27,64078097.99
2023-09-28,64163347.54
2023-09-29,64638985.46
2023-09-30,64181089.16
2023-10-01,66833639.78
2023-10-02,61660603.36
2023-10-03,60501284.57
2023-10-04,59895941.48
2023-10-05,57901516.53
2023-10-06,58762546.17
2023-10-07,58465537.59
2023-10-08,58477489.66
2023-10-09,55687270.39
2023-10-10,53978510.78
2023-10-11,53576341.54
2023-10-12,52600179.22
2023-10-13,54692927.16
2023-10-14,54414190.85
2023-10-15,54468624.26
2023-10-16,55642995.27
2023-10-17,53790231.41
2023-10-18,52694546.35
2023-10-19,51226735.30
2023-10-20,52111664.95
2023-10-21,54430235.45
2023-10-22,55868656.60
2023-10-23,58173341.31
2023-10-24,59072854.25
2023-10-25,58903671.75
2023-10-26,59077644.29
2023-10-27,57752946.79
2023-10-28,59554681.42
2023-10-29,61183497.73
2023-10-30,60128727.79
2023-10-31,59359051.59
2023-11-01,64096957.32
2023-11-02,63058416.53
2023-11-03,65828095.51
2023-11-04,68794293.25
2023-11-05,70399374.45
2023-11-06,71184826.18
2023-11-07,69148805.16
2023-11-08,68879490.38
2023-11-09,70826739.68
2023-11-10,69121348.75
2023-11-11,75357968.99
2023-11-12,75061351.55
2023-11-13,79808208.22
2023-11-14,70922929.04
2023-11-15,70730457.69
2023-11-16,76448806.36
2023-11-17,71767032.90
2023-11-18,70008893.03