date,token_incentives
2020-08-13,203642.46
2020-08-14,6168198.44
2020-08-15,4679252.82
2020-08-16,4099155.07
2020-08-17,2842893.04
2020-08-18,2534739.57
2020-08-19,2352776.79
2020-08-20,2873620.76
2020-08-21,1751292.95
2020-08-22,1672600.43
2020-08-23,1671318.21
2020-08-24,1552941.96
2020-08-25,1404447.09
2020-08-26,5652614.53
2020-08-27,2610932.83
2020-08-28,2134808.92
2020-08-29,2644888.77
2020-08-30,1980883.77
2020-08-31,3101952.83
2020-09-01,3089614.20
2020-09-02,2672455.57
2020-09-03,1805122.97
2020-09-04,2349376.30
2020-09-05,1284940.05
2020-09-06,1197989.25
2020-09-07,1231424.06
2020-09-08,1054457.20
2020-09-09,1363169.16
2020-09-10,1014159.07
2020-09-11,1277253.56
2020-09-12,1012978.86
2020-09-13,2768298.99
2020-09-14,993013.03
2020-09-15,842101.10
2020-09-16,673986.14
2020-09-17,1527504.37
2020-09-18,666973.63
2020-09-19,917769.49
2020-09-20,942865.58
2020-09-21,1610472.95
2020-09-22,720917.46
2020-09-23,606632.06
2020-09-24,742149.71
2020-09-25,764380.47
2020-09-26,850357.16
2020-09-27,664436.50
2020-09-28,659747.25
2020-09-29,552861.57
2020-09-30,609188.69
2020-10-01,768200.76
2020-10-02,530551.21
2020-10-03,459706.04
2020-10-04,542842.97
2020-10-05,635011.54
2020-10-06,333899.79
2020-10-07,442722.97
2020-10-08,421719.12
2020-10-09,449007.34
2020-10-10,392967.48
2020-10-11,323293.79
2020-10-12,483323.81
2020-10-13,356222.57
2020-10-14,357938.51
2020-10-15,379090.13
2020-10-16,319531.40
2020-10-17,263643.05
2020-10-18,318339.47
2020-10-19,301198.21
2020-10-20,252381.59
2020-10-21,370039.78
2020-10-22,303511.71
2020-10-23,211737.27
2020-10-24,232504.91
2020-10-25,196722.34
2020-10-26,340462.63
2020-10-27,436580.53
2020-10-28,273426.68
2020-10-29,353794.92
2020-10-30,219262.81
2020-10-31,205259.04
2020-11-01,250741.80
2020-11-02,283081.66
2020-11-03,241638.76
2020-11-04,321386.48
2020-11-05,266051.01
2020-11-06,310771.27
2020-11-07,291836.95
2020-11-08,312352.71
2020-11-09,319225.55
2020-11-10,359793.88
2020-11-11,412263.86
2020-11-12,308018.86
2020-11-13,435865.94
2020-11-14,399316.97
2020-11-15,565222.50
2020-11-16,577293.66
2020-11-17,641577.76
2020-11-18,539256.96
2020-11-19,554290.58
2020-11-20,558706.12
2020-11-21,463340.57
2020-11-22,437902.70
2020-11-23,440359.75
2020-11-24,455883.36
2020-11-25,427107.52
2020-11-26,273462.68
2020-11-27,409048.64
2020-11-28,349860.00
2020-11-29,473075.66
2020-11-30,436124.83
2020-12-01,410343.99
2020-12-02,667568.46
2020-12-03,635249.28
2020-12-04,370181.38
2020-12-05,524781.55
2020-12-06,500563.58
2020-12-07,546627.33
2020-12-08,322260.85
2020-12-09,351264.97
2020-12-10,417347.04
2020-12-11,568503.12
2020-12-12,328182.20
2020-12-13,371022.62
2020-12-14,502205.67
2020-12-15,340589.65
2020-12-16,267612.72
2020-12-17,417083.89
2020-12-18,989710.96
2020-12-19,248625.92
2020-12-20,424340.58
2020-12-21,513549.89
2020-12-22,313658.71
2020-12-23,221333.97
2020-12-24,192281.14
2020-12-25,317975.72
2020-12-26,294135.21
2020-12-27,289580.21
2020-12-28,342083.52
2020-12-29,316944.21
2020-12-30,763472.05
2020-12-31,440833.64
2021-01-01,505292.43
2021-01-02,354638.69
2021-01-03,364111.07
2021-01-04,350796.63
2021-01-05,420148.66
2021-01-06,600319.42
2021-01-07,530639.13
2021-01-08,1029491.23
2021-01-09,457592.22
2021-01-10,599655.08
2021-01-11,261672.38
2021-01-12,373571.57
2021-01-13,634603.87
2021-01-14,571054.49
2021-01-15,1630102.31
2021-01-16,740321.11
2021-01-17,1642099.40
2021-01-18,1448817.96
2021-01-19,858562.13
2021-01-20,976824.83
2021-01-21,1404449.88
2021-01-22,1390215.51
2021-01-23,1462003.79
2021-01-24,2050285.36
2021-01-25,1424318.39
2021-01-26,1460342.26
2021-01-27,952649.37
2021-01-28,1376383.73
2021-01-29,1255462.30
2021-01-30,1721090.93
2021-01-31,1833000.71
2021-02-01,1574536.17
2021-02-02,1665357.21
2021-02-03,1727608.60
2021-02-04,1543085.71
2021-02-05,1733371.81
2021-02-06,2652767.75
2021-02-07,2745537.17
2021-02-08,1822756.93
2021-02-09,1704798.26
2021-02-10,2252766.07
2021-02-11,2213469.31
2021-02-12,3068843.79
2021-02-13,1657989.77
2021-02-14,2240026.25
2021-02-15,1186587.74
2021-02-16,2004307.71
2021-02-17,1414950.08
2021-02-18,1630101.02
2021-02-19,2243235.96
2021-02-20,2775438.14
2021-02-21,1926738.21
2021-02-22,1509983.18
2021-02-23,832149.43
2021-02-24,1345205.71
2021-02-25,1144071.77
2021-02-26,1525990.17
2021-02-27,1148334.82
2021-02-28,1358741.94
2021-03-01,2635751.33
2021-03-02,2077010.66
2021-03-03,1846414.42
2021-03-04,1481217.99
2021-03-05,1095920.19
2021-03-06,1222957.12
2021-03-07,2584675.97
2021-03-08,1831072.04
2021-03-09,1868993.33
2021-03-10,1105022.27
2021-03-11,1116410.11
2021-03-12,1563052.00
2021-03-13,1234347.14
2021-03-14,1293513.34
2021-03-15,1526825.80
2021-03-16,1450437.55
2021-03-17,1971851.55
2021-03-18,1937624.15
2021-03-19,2427462.11
2021-03-20,1937611.32
2021-03-21,1710444.53
2021-03-22,1434522.12
2021-03-23,2521776.24
2021-03-24,2051091.61
2021-03-25,1554407.09
2021-03-26,2001126.63
2021-03-27,2176574.39
2021-03-28,2671967.20
2021-03-29,4315321.50
2021-03-30,2327061.29
2021-03-31,1939868.23
2021-04-01,1984146.45
2021-04-02,2612137.68
2021-04-03,2523185.53
2021-04-04,2561687.56
2021-04-05,2143840.79
2021-04-06,2075033.77
2021-04-07,2418769.41
2021-04-08,2372673.47
2021-04-09,2129345.13
2021-04-10,2024505.75
2021-04-11,2149360.10
2021-04-12,2737917.07
2021-04-13,3438668.65
2021-04-14,4848101.71
2021-04-15,4560816.91
2021-04-16,3255027.90
2021-04-17,2728627.38
2021-04-18,2496985.62
2021-04-19,1463421.97
2021-04-20,1418699.86
2021-04-21,1885352.15
2021-04-22,1687867.66
2021-04-23,2361650.49
2021-04-24,1825442.96
2021-04-25,1659334.93
2021-04-26,2577239.51
2021-04-27,2736808.15
2021-04-28,1686074.50
2021-04-29,1851805.62
2021-04-30,1879610.84
2021-05-01,3324992.41
2021-05-02,2551878.56
2021-05-03,3057365.45
2021-05-04,1702146.48
2021-05-05,3073247.25
2021-05-06,2021139.48
2021-05-07,3300436.92
2021-05-08,1464135.15
2021-05-09,1742200.05
2021-05-10,1589082.39
2021-05-11,928232.22
2021-05-12,1636688.37
2021-05-13,3260117.68
2021-05-14,1976314.86
2021-05-15,2292532.34
2021-05-16,3589778.46
2021-05-17,2656603.03
2021-05-18,2720277.83
2021-05-19,1555978.19
2021-05-20,1186690.36
2021-05-21,1623747.29
2021-05-22,1470530.36
2021-05-23,1427313.81
2021-05-24,958219.23
2021-05-25,1163333.26
2021-05-26,1357217.93
2021-05-27,1081525.77
2021-05-28,1121260.37
2021-05-29,1399861.90
2021-05-30,1314569.22
2021-05-31,1396649.60
2021-06-01,1881331.54
2021-06-02,2482545.89
2021-06-03,2894789.85
2021-06-04,2149609.43
2021-06-05,1791274.32
2021-06-06,1877633.49
2021-06-07,2119791.76
2021-06-08,1822786.02
2021-06-09,3082527.32
2021-06-10,1682178.82
2021-06-11,1508329.11
2021-06-12,1511746.77
2021-06-13,1549473.11
2021-06-14,1698430.53
2021-06-15,1784770.22
2021-06-16,1454808.73
2021-06-17,1521469.20
2021-06-18,2465937.72
2021-06-19,1168395.33
2021-06-20,1158607.42
2021-06-21,977908.25
2021-06-22,1143067.43
2021-06-23,1220731.40
2021-06-24,1517879.63
2021-06-25,1100259.17
2021-06-26,1633727.49
2021-06-27,1172545.55
2021-06-28,1291123.31
2021-06-29,1400093.78
2021-06-30,1279184.99
2021-07-01,2040445.35
2021-07-02,1106878.37
2021-07-03,1095005.60
2021-07-04,1334062.52
2021-07-05,1169899.13
2021-07-06,1219196.78
2021-07-07,1617800.40
2021-07-08,1931400.51
2021-07-09,1098830.27
2021-07-10,1155424.57
2021-07-11,1051310.68
2021-07-12,1046395.89
2021-07-13,1086006.61
2021-07-14,1072142.09
2021-07-15,1613015.58
2021-07-16,1465070.06
2021-07-17,995671.55
2021-07-18,924056.55
2021-07-19,971182.02
2021-07-20,746783.29
2021-07-21,952635.83
2021-07-22,1866768.10
2021-07-23,1073311.04
2021-07-24,1168342.67
2021-07-25,878233.19
2021-07-26,1030424.46
2021-07-27,966402.87
2021-07-28,902619.40
2021-07-29,1935716.20
2021-07-30,1131585.60
2021-07-31,1161831.78
2021-08-01,1029454.78
2021-08-02,986325.66
2021-08-03,1158784.16
2021-08-04,1006319.25
2021-08-05,2028038.60
2021-08-06,1291641.92
2021-08-07,1197692.10
2021-08-08,1160601.94
2021-08-09,1162564.60
2021-08-10,1338578.27
2021-08-11,1705998.51
2021-08-12,2556835.71
2021-08-13,1503797.43
2021-08-14,1427801.91
2021-08-15,1214909.36
2021-08-16,1307147.21
2021-08-17,976470.44
2021-08-18,1284636.86
2021-08-19,2026226.34
2021-08-20,1318867.45
2021-08-21,1089301.11
2021-08-22,1243312.01
2021-08-23,1806059.55
2021-08-24,1313291.40
2021-08-25,1214741.77
2021-08-26,2086962.53
2021-08-27,1146418.45
2021-08-28,1071991.05
2021-08-29,1273536.71
2021-08-30,1291638.73
2021-08-31,1493200.20
2021-09-01,1371978.24
2021-09-02,2537753.10
2021-09-03,934059.33
2021-09-04,1316495.51
2021-09-05,1324121.66
2021-09-06,1464610.49
2021-09-07,1118472.37
2021-09-08,1134620.50
2021-09-09,2300883.03
2021-09-10,1242366.74
2021-09-11,1376267.32
2021-09-12,1538199.07
2021-09-13,1478044.87
2021-09-14,1724089.49
2021-09-15,2770591.28
2021-09-16,3183342.03
2021-09-17,1520488.04
2021-09-18,1559933.06
2021-09-19,1647957.85
2021-09-20,1174770.64
2021-09-21,1183413.01
2021-09-22,1426153.42
2021-09-23,2952321.98
2021-09-24,1348010.45
2021-09-25,1486114.35
2021-09-26,1396615.98
2021-09-27,1262330.95
2021-09-28,1307271.79
2021-09-29,1307931.92
2021-09-30,2529850.37
2021-10-01,1477231.52
2021-10-02,1438160.72
2021-10-03,1729503.26
2021-10-04,1668022.61
2021-10-05,1766957.34
2021-10-06,1347852.94
2021-10-07,2707056.20
2021-10-08,1723046.69
2021-10-09,1671744.52
2021-10-10,1602643.07
2021-10-11,1445162.74
2021-10-12,1593434.07
2021-10-13,1540857.14
2021-10-14,4112101.65
2021-10-15,1796901.24
2021-10-16,2315228.17
2021-10-17,1889159.31
2021-10-18,1658679.11
2021-10-19,1673827.57
2021-10-20,1971785.89
2021-10-21,2640846.43
2021-10-22,2178797.57
2021-10-23,2214178.03
2021-10-24,2039616.04
2021-10-25,3609467.14
2021-10-26,2812439.00
2021-10-27,2516177.71
2021-10-28,4708104.47
2021-10-29,3085532.52
2021-10-30,3075232.65
2021-10-31,2431106.05
2021-11-01,2736391.87
2021-11-02,2472202.39
2021-11-03,2470591.13
2021-11-04,3697783.55
2021-11-05,2212393.18
2021-11-06,2327854.28
2021-11-07,2659151.84
2021-11-08,2384331.97
2021-11-09,2555157.92
2021-11-10,2228101.20
2021-11-11,4586213.60
2021-11-12,3739595.24
2021-11-13,2332245.30
2021-11-14,2183882.19
2021-11-15,2576537.88
2021-11-16,2080025.08
2021-11-17,2445864.05
2021-11-18,4192881.65
2021-11-19,4496319.19
2021-11-20,2229400.94
2021-11-21,2153199.01
2021-11-22,2630281.39
2021-11-23,2906088.08
2021-11-24,3683484.61
2021-11-25,5279823.40
2021-11-26,2951284.63
2021-11-27,2841315.02
2021-11-28,2744682.87
2021-11-29,2678734.38
2021-11-30,2969119.80
2021-12-01,3200311.91
2021-12-02,3976365.39
2021-12-03,2806039.54
2021-12-04,1987496.18
2021-12-05,2080201.49
2021-12-06,1940804.07
2021-12-07,2474655.25
2021-12-08,2261249.89
2021-12-09,4058115.25
2021-12-10,1813275.01
2021-12-11,2264984.26
2021-12-12,2128661.59
2021-12-13,1914892.22
2021-12-14,1980464.50
2021-12-15,2144657.14
2021-12-16,3735853.62
2021-12-17,2909725.69
2021-12-18,2691419.89
2021-12-19,2508817.89
2021-12-20,2387763.42
2021-12-21,3206154.82
2021-12-22,3980485.04
2021-12-23,4649669.32
2021-12-24,3110769.79
2021-12-25,3486373.85
2021-12-26,3475427.79
2021-12-27,3138257.08
2021-12-28,2718202.12
2021-12-29,3399647.29
2021-12-30,4523058.11
2021-12-31,3307210.48
2022-01-01,3837545.58
2022-01-02,3567514.75
2022-01-03,4020554.07
2022-01-04,3594437.16
2022-01-05,3160316.74
2022-01-06,4848251.13
2022-01-07,2906761.87
2022-01-08,2850625.13
2022-01-09,2592435.13
2022-01-10,2456335.50
2022-01-11,2712542.43
2022-01-12,2961353.37
2022-01-13,4470928.29
2022-01-14,3202149.11
2022-01-15,3119523.35
2022-01-16,3088488.13
2022-01-17,2758811.32
2022-01-18,2745745.59
2022-01-19,2598112.27
2022-01-20,3403179.06
2022-01-21,1890459.22
2022-01-22,1855837.69
2022-01-23,1736778.32
2022-01-24,1663591.67
2022-01-25,1809072.78
2022-01-26,1642143.91
2022-01-27,2375066.02
2022-01-28,1800586.78
2022-01-29,1841885.90
2022-01-30,1867323.86
2022-01-31,1948402.38
2022-02-01,2046756.10
2022-02-02,1925908.29
2022-02-03,2802540.19
2022-02-04,1997783.14
2022-02-05,2214107.73
2022-02-06,1898259.33
2022-02-07,2298255.31
2022-02-08,2043545.40
2022-02-09,2052222.65
2022-02-10,2736320.57
2022-02-11,1736966.83
2022-02-12,1711545.20
2022-02-13,1638529.67
2022-02-14,1710790.72
2022-02-15,1756430.52
2022-02-16,2070778.66
2022-02-17,2502537.14
2022-02-18,1678400.72
2022-02-19,1652171.89
2022-02-20,1560530.75
2022-02-21,1306518.40
2022-02-22,1487018.51
2022-02-23,1353393.36
2022-02-24,2015713.98
2022-02-25,1358189.29
2022-02-26,1447928.21
2022-02-27,1285139.89
2022-02-28,1523228.84
2022-03-01,1590950.88
2022-03-02,1527854.10
2022-03-03,2136233.96
2022-03-04,1369836.00
2022-03-05,1355811.06
2022-03-06,1159030.09
2022-03-07,1168836.57
2022-03-08,1225702.83
2022-03-09,1321250.54
2022-03-10,1808605.35
2022-03-11,1182497.83
2022-03-12,1175011.15
2022-03-13,1097867.48
2022-03-14,1181737.92
2022-03-15,1106372.31
2022-03-16,1254221.14
2022-03-17,1757530.76
2022-03-18,1307546.10
2022-03-19,1400840.29
2022-03-20,1245631.94
2022-03-21,1332510.43
2022-03-22,1326667.67
2022-03-23,1345750.12
2022-03-24,2016737.02
2022-03-25,1320615.93
2022-03-26,1505454.96
2022-03-27,1466905.13
2022-03-28,1564689.59
2022-03-29,1616954.62
2022-03-30,1761881.00
2022-03-31,2134528.70
2022-04-01,1698119.81
2022-04-02,1754354.72
2022-04-03,1818283.56
2022-04-04,1696576.62
2022-04-05,1688706.01
2022-04-06,1479100.95
2022-04-07,2072381.54
2022-04-08,1358149.77
2022-04-09,1474614.57
2022-04-10,1417285.52
2022-04-11,1259826.57
2022-04-12,1327466.08
2022-04-13,1287722.80
2022-04-14,1953512.90
2022-04-15,1335948.21
2022-04-16,1289808.03
2022-04-17,1276404.29
2022-04-18,1286611.54
2022-04-19,1346671.47
2022-04-20,1310942.57
2022-04-21,1898383.12
2022-04-22,1468755.26
2022-04-23,1773979.63
2022-04-24,1534211.75
2022-04-25,1617044.80
2022-04-26,1337478.78
2022-04-27,1464959.01
2022-04-28,2157956.75
2022-04-29,1245387.27
2022-04-30,1076392.89
2022-05-01,1190312.76
2022-05-02,1227419.96
2022-05-03,1255453.56
2022-05-04,1518057.30
2022-05-05,2155658.26
2022-05-06,1400922.61
2022-05-07,1239340.43
2022-05-08,1324023.05
2022-05-09,1056340.93
2022-05-10,1238321.20
2022-05-11,775993.98
2022-05-12,1433779.80
2022-05-13,923949.26
2022-05-14,806203.81
2022-05-15,858938.70
2022-05-16,781404.10
2022-05-17,762798.51
2022-05-18,669398.72
2022-05-19,1047767.15
2022-05-20,650625.24
2022-05-21,677746.08
2022-05-22,760353.62
2022-05-23,768051.74
2022-05-24,726445.61
2022-05-25,690907.67
2022-05-26,1045860.81
2022-05-27,658290.36
2022-05-28,706748.71
2022-05-29,748727.30
2022-05-30,882706.91
2022-05-31,787767.59
2022-06-01,741178.69
2022-06-02,1155100.04
2022-06-03,636262.81
2022-06-04,690334.07
2022-06-05,681352.98
2022-06-06,746280.62
2022-06-07,741419.56
2022-06-08,645080.21
2022-06-09,967651.30
2022-06-10,594418.45
2022-06-11,511001.53
2022-06-12,507835.48
2022-06-13,416965.20
2022-06-14,426394.20
2022-06-15,444023.31
2022-06-16,589573.95
2022-06-17,395333.79
2022-06-18,344317.00
2022-06-19,383034.10
2022-06-20,502762.41
2022-06-21,398048.63
2022-06-22,420644.98
2022-06-23,692395.07
2022-06-24,474836.55
2022-06-25,458899.61
2022-06-26,432392.68
2022-06-27,420764.06
2022-06-28,489557.79
2022-06-29,408217.72
2022-06-30,558666.13
2022-07-01,465959.48
2022-07-02,527343.56
2022-07-03,471168.91
2022-07-04,521421.09
2022-07-05,571273.27
2022-07-06,565702.33
2022-07-07,890766.32
2022-07-08,577330.84
2022-07-09,586202.28
2022-07-10,566722.47
2022-07-11,508164.02
2022-07-12,514457.89
2022-07-13,611528.21
2022-07-14,676407.65
2022-07-15,1041266.30
2022-07-16,700568.83
2022-07-17,647425.05
2022-07-18,781325.02
2022-07-19,728872.87
2022-07-20,740735.41
2022-07-21,1181291.94
2022-07-22,862728.45
2022-07-23,827591.94
2022-07-24,800641.01
2022-07-25,680661.37
2022-07-26,695876.34
2022-07-27,817114.31
2022-07-28,1300650.92
2022-07-29,890320.04
2022-07-30,797716.21
2022-07-31,771325.61
2022-08-01,746039.78
2022-08-02,789967.86
2022-08-03,779108.22
2022-08-04,1117942.23
2022-08-05,842777.33
2022-08-06,815308.06
2022-08-07,826821.91
2022-08-08,834489.10
2022-08-09,840123.28
2022-08-10,779456.78
2022-08-11,1173969.14
2022-08-12,834756.19
2022-08-13,853176.68
2022-08-14,671376.11
2022-08-15,647636.27
2022-08-16,641868.52
2022-08-17,602542.59
2022-08-18,856276.54
2022-08-19,509357.00
2022-08-20,503271.14
2022-08-21,505221.08
2022-08-22,524512.85
2022-08-23,609505.20
2022-08-24,580619.57
2022-08-25,840957.12
2022-08-26,500467.74
2022-08-27,533774.77
2022-08-28,467558.46
2022-08-29,527260.91
2022-08-30,534303.29
2022-08-31,555264.05
2022-09-01,834714.70
2022-09-02,615915.27
2022-09-03,525527.47
2022-09-04,533108.47
2022-09-05,560965.63
2022-09-06,503476.37
2022-09-07,598744.04
2022-09-08,817950.60
2022-09-09,607725.18
2022-09-10,623027.30
2022-09-11,593156.02
2022-09-12,554269.28
2022-09-13,517733.43
2022-09-14,541160.82
2022-09-15,741131.89
2022-09-16,524445.36
2022-09-17,541555.56
2022-09-18,482461.33
2022-09-19,484937.51
2022-09-20,484087.61
2022-09-21,426262.17
2022-09-22,653301.22
2022-09-23,467663.22
2022-09-24,456201.84
2022-09-25,497794.08
2022-09-26,454885.27
2022-09-27,449725.96
2022-09-28,465203.88
2022-09-29,640640.86
2022-09-30,461599.69
2022-10-01,448500.27
2022-10-02,427702.08
2022-10-03,428907.92
2022-10-04,468115.35
2022-10-05,476861.99
2022-10-06,637868.90
2022-10-07,447330.95
2022-10-08,416486.20
2022-10-09,423093.90
2022-10-10,411995.76
2022-10-11,437527.91
2022-10-12,405651.10
2022-10-13,555135.35
2022-10-14,411299.67
2022-10-15,397435.62
2022-10-16,411748.27
2022-10-17,447355.79
2022-10-18,452187.34
2022-10-19,423595.27
2022-10-20,587963.66
2022-10-21,445478.92
2022-10-22,454771.74
2022-10-23,464766.58
2022-10-24,444152.55
2022-10-25,446800.47
2022-10-26,479064.15
2022-10-27,602419.88
2022-10-28,479992.20
2022-10-29,476102.89
2022-10-30,461080.78
2022-10-31,424959.87
2022-11-01,461636.97
2022-11-02,415522.13
2022-11-03,574719.09
2022-11-04,526129.50
2022-11-05,535388.67
2022-11-06,468050.62
2022-11-07,512245.34
2022-11-08,375849.67
2022-11-09,244037.06
2022-11-10,500812.78
2022-11-11,329368.21
2022-11-12,315081.28
2022-11-13,317808.60
2022-11-14,290634.40
2022-11-15,319992.79
2022-11-16,296566.76
2022-11-17,358935.10
2022-11-18,274950.62
2022-11-19,271301.69
2022-11-20,254952.47
2022-11-21,252247.64
2022-11-22,333360.04
2022-11-23,347171.76
2022-11-24,464542.66
2022-11-25,337377.71
2022-11-26,351940.65
2022-11-27,342722.58
2022-11-28,321666.31
2022-11-29,333966.20
2022-11-30,331897.15
2022-12-01,440205.78
2022-12-02,325329.43
2022-12-03,316476.28
2022-12-04,334344.95
2022-12-05,333074.89
2022-12-06,341714.46
2022-12-07,342794.69
2022-12-08,448883.85
2022-12-09,337128.56
2022-12-10,318853.98
2022-12-11,318437.73
2022-12-12,305660.97
2022-12-13,362205.87
2022-12-14,320314.97
2022-12-15,426735.51
2022-12-16,263098.44
2022-12-17,282075.30
2022-12-18,284372.52
2022-12-19,281889.35
2022-12-20,261841.19
2022-12-21,272274.53
2022-12-22,338887.04
2022-12-23,272971.38
2022-12-24,306964.64
2022-12-25,251964.89
2022-12-26,262293.74
2022-12-27,277227.61
2022-12-28,252668.99
2022-12-29,360588.69
2022-12-30,255554.73
2022-12-31,256458.80
2023-01-01,263441.12
2023-01-02,272433.37
2023-01-03,271427.03
2023-01-04,266754.52
2023-01-05,378740.93
2023-01-06,275153.94
2023-01-07,280284.74
2023-01-08,280753.86
2023-01-09,303964.85
2023-01-10,314811.29
2023-01-11,308401.41
2023-01-12,517420.10
2023-01-13,377490.49
2023-01-14,423408.22
2023-01-15,416499.32
2023-01-16,414332.76
2023-01-17,458872.97
2023-01-18,460389.99
2023-01-19,643991.04
2023-01-20,504951.89
2023-01-21,497181.77
2023-01-22,540719.55
2023-01-23,534157.78
2023-01-24,483290.97
2023-01-25,508677.82
2023-01-26,928780.70
2023-01-27,571045.87
2023-01-28,529733.60
2023-01-29,507108.98
2023-01-30,492960.28
2023-01-31,488636.57
2023-02-01,612835.57
2023-02-02,747436.68
2023-02-03,579273.45
2023-02-04,527703.24
2023-02-05,533604.51
2023-02-06,476281.94
2023-02-07,518109.64
2023-02-08,576909.02
2023-02-09,651386.85
2023-02-10,495596.84
2023-02-11,471225.08
2023-02-12,470708.83
2023-02-13,508684.97
2023-02-14,451393.05
2023-02-15,574299.10
2023-02-16,823263.25
2023-02-17,617190.34
2023-02-18,664443.69
2023-02-19,559757.63
2023-02-20,628435.68
2023-02-21,523747.62
2023-02-22,533566.08
2023-02-23,721619.33
2023-02-24,524535.95
2023-02-25,469141.02
2023-02-26,460748.40
2023-02-27,476585.59
2023-02-28,488228.99
2023-03-01,493776.56
2023-03-02,719786.88
2023-03-03,432196.39
2023-03-04,422304.55
2023-03-05,420482.94
2023-03-06,445271.24
2023-03-07,500864.89
2023-03-08,401338.64
2023-03-09,563314.46
2023-03-10,462083.48
2023-03-11,430448.55
2023-03-12,502226.10
2023-03-13,512879.06
2023-03-14,436429.39
2023-03-15,546494.16
2023-03-16,824499.91
2023-03-17,484750.67
2023-03-18,529346.83
2023-03-19,472452.92
2023-03-20,509460.51
2023-03-21,520066.98
2023-03-22,454026.18
2023-03-23,649503.77
2023-03-24,418109.82
2023-03-25,478437.47
2023-03-26,491005.88
2023-03-27,364587.88
2023-03-28,444550.61
2023-03-29,470526.58
2023-03-30,606334.69
2023-03-31,516715.00
2023-04-01,471958.85
2023-04-02,431562.44
2023-04-03,418675.97
2023-04-04,568784.71
2023-04-05,475043.99
2023-04-06,718087.45
2023-04-07,507295.82
2023-04-08,481873.95
2023-04-09,489209.03
2023-04-10,470232.42
2023-04-11,474454.53
2023-04-12,508431.06
2023-04-13,858567.88
2023-04-14,468069.24
2023-04-15,558758.80
2023-04-16,492379.68
2023-04-17,472721.60
2023-04-18,422105.37
2023-04-19,374903.31
2023-04-20,829841.27
2023-04-21,538453.16
2023-04-22,348952.83
2023-04-23,473669.36
2023-04-24,414638.68
2023-04-25,422058.38
2023-04-26,444579.22
2023-04-27,835279.51
2023-04-28,418518.90
2023-04-29,453887.82
2023-04-30,386098.72
2023-05-01,370697.59
2023-05-02,261110.68
2023-05-03,442051.55
2023-05-04,866766.30
2023-05-05,318613.15
2023-05-06,387893.76
2023-05-07,354854.38
2023-05-08,449662.42
2023-05-09,474315.13
2023-05-10,417234.78
2023-05-11,235544.44
2023-05-12,1155562.34
2023-05-13,417978.52
2023-05-14,370731.36
2023-05-15,296647.80
2023-05-16,365232.18
2023-05-17,447939.49
2023-05-18,683928.77
2023-05-19,472084.52
2023-05-20,424786.49
2023-05-21,384364.20
2023-05-22,322752.43
2023-05-23,415913.47
2023-05-24,460512.72
2023-05-25,674179.57
2023-05-26,457832.51
2023-05-27,424081.78
2023-05-28,354954.92
2023-05-29,437486.43
2023-05-30,335885.95
2023-05-31,427969.77
2023-06-01,570719.41
2023-06-02,561593.57
2023-06-03,424785.62
2023-06-04,367360.41
2023-06-05,335371.92
2023-06-06,393267.23
2023-06-07,354055.25
2023-06-08,645643.58
2023-06-09,365884.06
2023-06-10,309234.20
2023-06-11,328929.32
2023-06-12,328031.78
2023-06-13,294094.39
2023-06-14,230506.06
2023-06-15,568005.09
2023-06-16,296707.22
2023-06-17,335952.60
2023-06-18,273864.04
2023-06-19,316666.87
2023-06-20,300419.20
2023-06-21,310577.21
2023-06-22,549373.98
2023-06-23,331979.19
2023-06-24,335706.15
2023-06-25,347726.33
2023-06-26,327779.75
2023-06-27,364249.00
2023-06-28,274658.75
2023-06-29,512674.81
2023-06-30,457563.85
2023-07-01,409450.17
2023-07-02,350802.27
2023-07-03,414123.27
2023-07-04,271798.06
2023-07-05,324980.39
2023-07-06,598828.33
2023-07-07,378434.93
2023-07-08,493405.88
2023-07-09,372899.76
2023-07-10,401609.57
2023-07-11,416251.05
2023-07-12,361770.07
2023-07-13,521131.31
2023-07-14,482999.05
2023-07-15,395845.34
2023-07-16,383637.10
2023-07-17,421887.49
2023-07-18,310674.68
2023-07-19,414344.65
2023-07-20,499089.15
2023-07-21,393408.78
2023-07-22,406624.78
2023-07-23,386943.06
2023-07-24,319658.92
2023-07-25,319317.90
2023-07-26,406781.46
2023-07-27,435547.75
2023-07-28,451618.39
2023-07-29,358261.06
2023-07-30,358463.49
2023-07-31,271588.85
2023-08-01,334419.59
2023-08-02,296732.80
2023-08-03,342469.19
2023-08-04,356598.52
2023-08-05,300049.50
2023-08-06,266995.03
2023-08-07,286874.59
2023-08-08,268636.84
2023-08-09,301298.65
2023-08-10,349919.27
2023-08-11,287218.78
2023-08-12,310026.32
2023-08-13,263341.02
2023-08-14,222854.83
2023-08-15,229456.23
2023-08-16,199408.32
2023-08-17,222269.50
2023-08-18,292983.72
2023-08-19,230802.39
2023-08-20,268470.68
2023-08-21,190614.96
2023-08-22,179333.39
2023-08-23,222509.12
2023-08-24,210998.12
2023-08-25,208099.23
2023-08-26,210846.65
2023-08-27,193275.89
2023-08-28,171784.42
2023-08-29,207488.15
2023-08-30,225933.35
2023-08-31,286641.52
2023-09-01,209502.13
2023-09-02,188816.06
2023-09-03,185160.73
2023-09-04,185515.90
2023-09-05,158561.59
2023-09-06,227285.74
2023-09-07,192354.52
2023-09-08,204455.72
2023-09-09,210959.85
2023-09-10,204731.48
2023-09-11,206014.34
2023-09-12,167994.06
2023-09-13,143820.87
2023-09-14,227137.47
2023-09-15,201821.64
2023-09-16,176698.41
2023-09-17,206467.27
2023-09-18,162181.09
2023-09-19,188798.03
2023-09-20,187932.27
2023-09-21,221965.77
2023-09-22,226247.42
2023-09-23,207710.27
2023-09-24,232152.90
2023-09-25,230296.32
2023-09-26,211441.08
2023-09-27,224259.44
2023-09-28,239025.65
2023-09-29,229596.76
2023-09-30,234242.72
2023-10-01,213249.68
2023-10-02,201895.93
2023-10-03,213834.45
2023-10-04,231137.24
2023-10-05,235934.65
2023-10-06,208483.40
2023-10-07,202288.60
2023-10-08,193453.38
2023-10-09,193065.69
2023-10-10,182461.65
2023-10-11,179164.49
2023-10-12,219897.06
2023-10-13,178283.95
2023-10-14,192035.41
2023-10-15,180122.98
2023-10-16,184802.62
2023-10-17,202699.40
2023-10-18,177365.57
2023-10-19,186038.50
2023-10-20,187382.10
2023-10-21,206683.54
2023-10-22,175029.67
2023-10-23,149964.44
2023-10-24,192199.79
2023-10-25,185464.00
2023-10-26,238417.86
2023-10-27,241280.98
2023-10-28,227308.65
2023-10-29,194777.84
2023-10-30,188771.99
2023-10-31,219117.56
2023-11-01,180881.06
2023-11-02,275167.73
2023-11-03,273694.67
2023-11-04,249958.49
2023-11-05,193676.00
2023-11-06,202803.82
2023-11-07,261634.46
2023-11-08,193081.11
2023-11-09,196819.53
2023-11-10,312561.03
2023-11-11,296099.56
2023-11-12,326690.86
2023-11-13,209211.15
2023-11-14,229658.35
2023-11-15,247690.92
2023-11-16,341729.04
2023-11-17,228436.46
2023-11-18,340263.13