EDGAR Country Code;Country;1990;1991;1992;1993;1994;1995;1996;1997;1998;1999;2000;2001;2002;2003;2004;2005;2006;2007;2008;2009;2010;2011;2012;2013;2014;2015;2016;2017;2018;2019;2020;2021;2022
ABW;Aruba;0,105840005;0,110602228;0,115211366;0,108832735;0,110675295;0,118680154;0,080929526;0,118308596;0,118813424;0,114267385;0,101189005;0,099535856;0,106071895;0,119053276;0,115803582;0,125022976;0,123059161;0,129812972;0,125485655;0,15184214;0,150354613;0,09662228;0,118736768;0,126220631;0,129301765;0,125239508;0,12718835;0,114006821;0,116399315;0,132653502;0,139995684;0,115727234;0,10275628
AFG;Afghanistan;0,449668826;0,507756854;0,465382087;0,628268703;0,817943053;0,5618655;0,651665484;0,737066483;0,812975992;0,906398947;0,857906217;0,81559405;0,633867994;0,605922356;0,599395244;0,551051871;0,530794602;0,495530438;0,561208669;0,526859307;0,528580621;0,600946259;0,501965242;0,452435014;0,444916418;0,438469363;0,41996607;0,42527314;0,415870896;0,385993164;0,366970502;0,475961611;0,478660557
AGO;Angola;0,510142964;0,503235974;0,520980761;0,762616986;0,974659705;0,975982279;1,027784827;0,998562396;1,025231906;1,013566411;0,921879561;0,857936426;0,741180809;0,72231964;0,709370066;0,609279144;0,494433536;0,428156221;0,41049506;0,413558549;0,43485762;0,412542817;0,388606566;0,391847638;0,383723627;0,402117917;0,398955785;0,375650467;0,363591245;0,36250836;0,355638585;0,341278058;0,31628554
AIA;Anguilla;0,035708213;0,054927078;0,04325514;0,050091229;0,061326109;0,074167288;0,076553387;0,066703196;0,054345547;0,048140955;0,063311735;0,065783299;0,055004711;0,057205987;0,049001717;0,041246246;0,037225771;0,030724046;0,036807787;0,063325977;0,075939089;0,081545102;0,088336195;0,109349508;0,115066235;0,13350211;0,149503521;0,176324517;0,223699354;0,146226655;0,132924267;0,122122226;0,11098784
ALB;Albania;0,729207637;0,795336093;0,58437805;0,536526997;0,550558607;0,46068438;0,405479025;0,401371036;0,386592872;0,413655693;0,398384181;0,37772382;0,391787608;0,380110873;0,369430518;0,333295547;0,316490039;0,297013062;0,268894247;0,259426418;0,260013314;0,266068606;0,253443786;0,25887554;0,269044354;0,258515239;0,239346686;0,252915956;0,241784036;0,224396053;0,208670024;0,192454043;0,18554347
ANT;Curaçao;1,006075652;1,01782544;1,046014785;0,85862733;0,934095279;0,908087144;0,887100791;1,616553387;1,60751125;1,522032864;1,540016463;1,550447544;1,476935474;1,4728248;1,527510597;1,590743029;1,529073898;1,613463389;1,56471176;1,489940791;1,087218638;1,389090178;1,412759124;1,309443686;1,458936439;1,470097623;1,289169738;1,058686233;0,876635124;0,703565115;0,710434469;0,657304766;0,600031606
ARE;United Arab Emirates;0,421385202;0,463959675;0,443890179;0,471163938;0,467729554;0,46514639;0,462648189;0,436744183;0,439608966;0,438634723;0,40269804;0,442130886;0,43663189;0,424436378;0,405477024;0,411941012;0,390733955;0,401396874;0,44636786;0,473212556;0,485097691;0,46959581;0,469090226;0,468111423;0,455265772;0,449288435;0,438760319;0,419810642;0,387576819;0,406358072;0,431668913;0,439094233;0,420702615
ARG;Argentina;0,569314136;0,529657916;0,494500775;0,461579366;0,445477283;0,463572037;0,451455641;0,424970718;0,416078669;0,441525581;0,442205717;0,456218292;0,510138708;0,505141132;0,492380231;0,456392171;0,43924909;0,410568657;0,395324833;0,393998693;0,360949201;0,347859823;0,356471008;0,357290629;0,364856747;0,3633875;0,371884894;0,364831454;0,37376907;0,376806944;0,401931894;0,383742866;0,369042665
ARM;Armenia;1,329837177;1,540944722;1,4907058;0,900352839;0,595891361;0,627553997;0,500166529;0,55109888;0,517168416;0,469408487;0,485583999;0,453636691;0,372527954;0,35281446;0,343856404;0,335864193;0,2955918;0,286870165;0,283954427;0,281165948;0,265575329;0,276071254;0,286588035;0,277745869;0,270532681;0,260198694;0,253964754;0,241723165;0,234071504;0,22948214;0,261568766;0,252508148;0,210228485
ATG;Antigua and Barbuda;0,255094693;0,252937883;0,252117839;0,237948877;0,233486493;0,253037693;0,237054002;0,232509397;0,22635357;0,214862243;0,162389938;0,1702333;0,17908474;0,179181426;0,172889637;0,165418868;0,156719824;0,153889552;0,162523445;0,201940963;0,213365312;0,178535936;0,186068172;0,215357837;0,213266782;0,20486737;0,205492352;0,177331271;0,18555931;0,19368756;0,206043163;0,188129844;0,178839663
AUS;Australia;0,864107613;0,872899622;0,872223209;0,843795893;0,820999355;0,803214874;0,795310253;0,785531729;0,783801012;0,757036763;0,740741881;0,739108968;0,721780716;0,68871938;0,685351641;0,669177137;0,656327441;0,641707831;0,61762754;0,615568382;0,607534024;0,597195114;0,577178306;0,552283469;0,527900846;0,523931055;0,510417903;0,504927055;0,488098389;0,476329915;0,458047058;0,439273178;0,431264331
AUT;Austria;0,283131975;0,287675801;0,263541906;0,262072965;0,257075005;0,259258635;0,265326919;0,257546587;0,249192844;0,234959714;0,227653953;0,23780571;0,237888232;0,250609886;0,243224008;0,238409783;0,22450713;0,209290283;0,204950085;0,196432389;0,20712445;0,197211784;0,188610512;0,190070511;0,180701902;0,181027477;0,178989445;0,180185076;0,169717211;0,17030331;0,168919294;0,167564667;0,150796401
AZE;Azerbaijan;1,277286428;1,242798365;1,349450933;1,557328561;1,746329785;1,930805617;1,67934636;1,566768588;1,439830956;1,367171561;1,287638704;1,14561068;1,040584561;1,015856035;0,929735365;0,779010072;0,599297262;0,499108963;0,503596833;0,406784752;0,381352877;0,402946595;0,421536309;0,408797379;0,4122446;0,404912291;0,418563634;0,415275799;0,419078377;0,444248431;0,458543883;0,464982844;0,449940532
BDI;Burundi;0,474714622;0,472746941;0,46141171;0,497305144;0,509722982;0,570620265;0,634378833;0,655303628;0,618042465;0,609684631;0,630945244;0,622245121;0,592681312;0,612185371;0,617194852;0,634431448;0,63959416;0,666089441;0,643672973;0,651875465;0,673700648;0,690667287;0,669649438;0,725279741;0,696334752;0,73238159;0,781508166;0,862448068;0,883597268;0,828378836;0,821467009;0,818125799;0,81944153
BEL;Belgium;0,403501907;0,407282725;0,395213275;0,393543015;0,401605991;0,394577851;0,403022548;0,379090297;0,380856763;0,358696559;0,348722583;0,345359532;0,322423524;0,327294221;0,313705654;0,300319801;0,285652028;0,270318457;0,272225595;0,262839164;0,271841332;0,247884299;0,242334486;0,243286036;0,226413496;0,229557984;0,224186299;0,216440493;0,213841048;0,208525105;0,206618649;0,202866882;0,183833957
BEN;Benin;0,387993984;0,381854395;0,381171669;0,363402918;0,384099795;0,347137408;0,402182111;0,401179403;0,38848584;0,391521002;0,384722816;0,396089686;0,403665447;0,409595341;0,408971606;0,425067385;0,468593818;0,474520545;0,458400565;0,47093154;0,497468619;0,488140222;0,465632831;0,463117162;0,455119403;0,465409612;0,502876521;0,488043209;0,499697122;0,470703653;0,473062296;0,46554267;0,450961192
BFA;Burkina Faso;1,25853052;1,215522459;1,226289198;1,213017779;1,233786005;1,20482587;1,116374998;1,09371288;1,04971426;0,978296734;0,987745553;0,993609504;0,977542556;1,091136352;1,063656845;1,01001956;0,972730902;0,978161331;0,968325568;0,959183984;0,91694384;0,88588497;0,863509282;0,848199523;0,823259506;0,843641692;0,815999959;0,797609344;0,778072481;0,762956163;0,763486668;0,738613712;0,746559885
BGD;Bangladesh;0,754653639;0,720591634;0,6914628;0,657928193;0,642906859;0,634370732;0,611040251;0,590547662;0,558992154;0,557019962;0,535537284;0,53216624;0,526147197;0,513305474;0,492335126;0,4784816;0,463074656;0,444430882;0,444320548;0,43412266;0,429579335;0,411913492;0,396454469;0,382706056;0,370572805;0,362400273;0,34868841;0,343150127;0,332505889;0,305946725;0,28739261;0,276493284;0,262179004
BGR;Bulgaria;0,962736829;0,909408099;0,927948122;0,933388204;0,854704856;0,811797214;0,776303897;0,870995058;0,805825046;0,79173999;0,735742573;0,728927746;0,652607604;0,681040745;0,623311854;0,589763013;0,56361364;0,557759003;0,502056723;0,456747252;0,470419299;0,501866991;0,459587313;0,422885085;0,436783461;0,452368445;0,423390008;0,429935336;0,398064545;0,374037587;0,3597586;0,377667369;0,39451903
BHR;Bahrain;1,578858583;1,393239659;1,502558882;1,418692201;1,422560257;1,364710307;1,360984678;1,23519173;1,233085724;1,251044506;1,205988439;1,210627249;1,159627989;1,082873864;1,00977237;1,035615159;1,013118653;0,961160152;0,977259722;0,964697771;0,93416842;0,922474248;0,954758174;0,983919697;0,974530666;0,953572298;0,923648655;0,883763804;0,869733325;0,906794504;0,953810046;0,953725871;0,916614863
BHS;Bahamas;0,133583507;0,129789735;0,120862379;0,12412787;0,128098779;0,139195632;0,147115701;0,137708147;0,162609984;0,128335363;0,103002207;0,101935428;0,105425507;0,086652124;0,09233454;0,08830619;0,101641252;0,117563308;0,124680907;0,112611739;0,123005406;0,092448448;0,104385535;0,117857841;0,115695704;0,110029392;0,118616925;0,12322444;0,141288109;0,155274821;0,178521245;0,148714693;0,134204886
BIH;Bosnia and Herzegovina;3,991032836;4,240603959;3,510433112;3,057468668;1,00400497;0,834253071;0,489251184;0,63008758;0,682423111;0,639969998;0,698380797;0,666044131;0,670096406;0,658421404;0,66387099;0,660228764;0,684955432;0,679053249;0,679379711;0,694999574;0,702127002;0,775788016;0,730642227;0,709513183;0,66652051;0,63791734;0,684678546;0,675778448;0,659639777;0,607545093;0,624541113;0,563510795;0,542926561
BLR;Belarus;1,517368543;1,48250817;1,49735713;1,430240944;1,413405567;1,430953294;1,396402695;1,254455062;1,136051959;1,066473687;0,970802401;0,911062666;0,866651513;0,815922236;0,770184597;0,705278687;0,664118962;0,601546031;0,596877771;0,578175765;0,568104486;0,597119331;0,59764369;0,594797253;0,581551028;0,578640293;0,588865872;0,584004815;0,584695114;0,565363385;0,554444753;0,554371392;0,566887002
BLZ;Belize;0,424221691;0,395026613;0,35035483;0,320133064;0,319705897;0,30730307;0,295481947;0,340191544;0,337925762;0,332854875;0,252760877;0,252120395;0,245441256;0,236536661;0,218360223;0,222573295;0,244208097;0,248026863;0,256021452;0,278040602;0,288479662;0,281787594;0,263758327;0,27671024;0,249804568;0,254305063;0,26063354;0,278119162;0,270475527;0,266504335;0,298531189;0,270767024;0,2484831
BMU;Bermuda;0,069788273;0,06669297;0,05448763;0,058484947;0,056331453;0,054445443;0,054136422;0,052502852;0,05170083;0,048774253;0,033458002;0,031548353;0,034470345;0,034500175;0,034412672;0,035811191;0,040238834;0,04640212;0,047469061;0,044855345;0,056983604;0,032506589;0,039950902;0,04570941;0,06073208;0,050027021;0,065313787;0,057016191;0,066478349;0,072902136;0,07266489;0,068234142;0,068621292
BOL;Bolivia;0,993220548;0,997764505;1,022544848;1,042809754;1,054373896;0,809648387;0,771306865;0,81736263;0,705043626;0,702286353;0,684625236;0,650615932;0,667942472;0,676290354;0,693195157;0,687023697;0,679021293;0,689036376;0,670645669;0,662379051;0,696153458;0,678302722;0,678488758;0,667269831;0,648163341;0,629022017;0,620386305;0,600407134;0,579003072;0,568878842;0,588518123;0,599307123;0,583171767
BRA;Brazil;0,443759954;0,455815629;0,472789431;0,466487591;0,456801993;0,459074608;0,453212919;0,452712196;0,460444086;0,467298013;0,460969795;0,462249958;0,46045474;0,470506602;0,467272296;0,456393554;0,442321618;0,423507486;0,414087671;0,405696911;0,404586908;0,400754147;0,405412347;0,405383242;0,414482621;0,424637656;0,431339562;0,429993579;0,41495449;0,412032367;0,424749636;0,425286909;0,40325526
BRB;Barbados;0,235357034;0,238008583;0,247902586;0,235204304;0,224645877;0,223991372;0,214981566;0,228754668;0,236254896;0,237937593;0,208390586;0,206073352;0,209005384;0,212112213;0,209268166;0,203825294;0,197503795;0,188500028;0,21505272;0,224158876;0,234422325;0,20752024;0,203677814;0,233111582;0,212644425;0,213094194;0,218073777;0,189325292;0,214371013;0,230223704;0,237299444;0,233764115;0,218111359
BRN;Brunei;0,444006114;0,449996007;0,432518626;0,452311835;0,459819075;0,466897663;0,465232157;0,502696566;0,46893841;0,470353933;0,490063015;0,49750552;0,455582681;0,494633629;0,460153439;0,449971249;0,56441194;0,53906774;0,63680994;0,593446049;0,535555756;0,535470629;0,523349552;0,516099865;0,513923713;0,484449137;0,507427866;0,527360245;0,550239717;0,499141611;0,568700458;0,573017892;0,56293533
BTN;Bhutan;0,759168699;0,778599633;0,714969042;0,708079387;0,702143764;0,800599784;0,793815667;0,770248646;0,742525325;0,733791579;0,674359624;0,621752763;0,57193723;0,537675856;0,510759688;0,523311798;0,491593345;0,422817967;0,389874298;0,420256802;0,39469004;0,400546206;0,372853602;0,382221743;0,362008136;0,36354348;0,355008246;0,358629458;0,37467436;0,375113528;0,418455001;0,360479605;0,374204016
BWA;Botswana;0,7592079;0,633058342;0,634064414;0,603962067;0,592043627;0,620320254;0,529852579;0,504523886;0,550598739;0,535719805;0,543822471;0,513490135;0,463571883;0,432752071;0,418964207;0,428595075;0,390774611;0,376156025;0,374083373;0,433823855;0,385923438;0,375334791;0,342773357;0,36658426;0,372761959;0,405661044;0,352806943;0,344616126;0,356741101;0,315294451;0,306936627;0,293920003;0,308868045
CAF;Central African Republic;2,31962481;2,485324409;2,653443463;2,479800887;2,562254175;2,452068955;2,660278107;2,28483874;2,530566926;2,405652013;2,527957635;2,531653173;2,201656271;2,623291006;2,321246437;2,481004355;2,382539067;2,44290457;2,399448051;2,083007363;2,11738329;2,205566134;2,046301318;3,202644107;3,17121961;3,150094828;3,194364826;2,93795214;2,891804621;2,802107613;2,838705167;2,872672711;2,942453924
CAN;Canada;0,608266051;0,615799391;0,627306907;0,615074464;0,613803111;0,611972417;0,617962518;0,603943686;0,588574098;0,568776807;0,559917181;0,542355324;0,543684204;0,547738806;0,528537214;0,517256966;0,502370344;0,514789481;0,492014369;0,479045665;0,475997958;0,471696554;0,464999816;0,461169078;0,456074227;0,450601147;0,442653712;0,437703527;0,434015486;0,419326397;0,405349042;0,397722289;0,397108884
CHE;Switzerland and Liechtenstein;0,145230688;0,152637449;0,151893791;0,144934219;0,140252138;0,141720965;0,142513473;0,13573105;0,13549442;0,13360667;0,126697711;0,128282212;0,124577019;0,127445255;0,125504985;0,123724186;0,117635075;0,109192878;0,109339709;0,108133249;0,108191594;0,098604959;0,100043833;0,100602221;0,091685633;0,089040709;0,088116889;0,085391392;0,080813827;0,07962279;0,077212487;0,075365818;0,073177258
CHL;Chile;0,469241717;0,425187682;0,397974718;0,388611124;0,391935731;0,387467578;0,398869501;0,402890216;0,389238745;0,406353344;0,372662052;0,354841598;0,345568622;0,33795853;0,336810229;0,320758332;0,306714577;0,316793755;0,319955303;0,310611774;0,29770023;0,30737062;0,298964307;0,2935791;0,270825929;0,277052253;0,284158758;0,284874987;0,278245089;0,28903458;0,290893944;0,283935505;0,269994183
CHN;China;2,520145389;2,382995145;2,142108896;1,969774218;1,812394465;1,781799137;1,61975385;1,493819657;1,407607578;1,294389334;1,244897565;1,191267124;1,156564001;1,177758496;1,210235619;1,212371422;1,177644443;1,099382738;1,025494749;0,995726161;0,973114851;0,965659305;0,920551776;0,891010274;0,839594872;0,774572221;0,723158721;0,689400125;0,673445342;0,64936325;0,64704977;0,626845287;0,610653174
CIV;Côte d’Ivoire;0,217612669;0,224896534;0,229385692;0,23376493;0,250414028;0,246015845;0,253586606;0,253282272;0,240522812;0,269109486;0,269311247;0,27903511;0,299957019;0,291654683;0,295969068;0,309834559;0,305229189;0,303594851;0,300382246;0,282291999;0,282433879;0,307263765;0,31902514;0,304233128;0,288218495;0,280062978;0,271735931;0,261757133;0,251385399;0,248481935;0,246356;0,241597759;0,231994512
CMR;Cameroon;0,785289926;0,797236558;0,797174613;0,845003608;0,808324667;0,803224324;0,807403886;0,763226808;0,747301555;0,732340321;0,737412661;0,708903721;0,656268293;0,636546562;0,591171184;0,582179515;0,548921561;0,540316194;0,522928606;0,521955158;0,502872507;0,481229047;0,4723473;0,4798944;0,480297417;0,493298544;0,486004913;0,452376151;0,446222335;0,440158746;0,448330464;0,433831516;0,414272305
COD;Democratic Republic of the Congo;0,453696314;0,460698967;0,52691814;0,636007104;0,646389528;0,650847515;0,680854269;0,703197209;0,728467764;0,747819825;0,878090134;0,829409557;0,791118109;0,782318931;0,749047492;0,725730055;0,703992731;0,685709365;0,661087408;0,647441525;0,663317308;0,638862538;0,704213834;0,704774528;0,697353839;0,648327059;0,641791201;0,652379093;0,611928353;0,606875398;0,608184403;0,588512584;0,54962631
COG;Congo;0,959883311;0,928728477;0,914043049;0,954658602;0,890886132;1,048909475;1,288118504;1,353333064;1,556512131;1,631016235;1,642733184;1,477833893;0,946112632;1,051217069;1,094534223;1,234176505;1,25798044;1,159981553;1,083748791;1,059324854;1,050340117;0,988873134;0,866504559;0,84744171;0,811688216;0,837108948;0,926035355;1,051623338;1,29013749;1,35257294;1,381568285;1,330071294;1,354537187
COK;Cook Islands;;;;;;;;;;;;;;;;;;;;;;;;;;;;;;;;;
COL;Colombia;0,505849848;0,500399762;0,49468153;0,483862512;0,461443873;0,453243608;0,444339771;0,450686304;0,455880096;0,4406417;0,444222624;0,440298126;0,426498922;0,412464461;0,393637656;0,384487674;0,361543038;0,347537728;0,339554705;0,345780703;0,340247187;0,323790806;0,30793401;0,306207006;0,294615061;0,288143962;0,28828423;0,279290001;0,283948567;0,280595061;0,302911762;0,277840778;0,265469547
COM;Comoros;0,272279435;0,298219817;0,274567585;0,271416439;0,289662555;0,286539447;0,29665524;0,289745956;0,302213686;0,30656718;0,295101193;0,300124037;0,30122669;0,310108097;0,316734911;0,311036492;0,326217151;0,289894597;0,288546265;0,297122596;0,306674847;0,294049029;0,293668229;0,298480263;0,289274534;0,296543339;0,299626042;0,314896766;0,316755991;0,327597358;0,333611295;0,342162928;0,339523234
CPV;Cabo Verde;0,346630745;0,37914365;0,380472071;0,353491069;0,293208479;0,282305978;0,243766068;0,230944388;0,21849337;0,203358513;0,278223279;0,29107915;0,2945976;0,271194167;0,263668337;0,333506557;0,329300104;0,312788359;0,285777667;0,283278124;0,296017967;0,316865701;0,281408729;0,27423828;0,287654256;0,288683636;0,281577483;0,275089325;0,269029231;0,257313818;0,324787974;0,323611295;0,285647145
CRI;Costa Rica;0,32289762;0,325007376;0,332828194;0,311868073;0,308732892;0,284480215;0,278467728;0,264346226;0,259614721;0,243912386;0,229491938;0,225522017;0,218753666;0,218117851;0,213629155;0,205172505;0,197874616;0,199242367;0,19263819;0,191933217;0,184148671;0,18502478;0,172601385;0,17240914;0,170050443;0,161523476;0,162052194;0,159414753;0,160507374;0,156364433;0,148611484;0,148411846;0,148024017
CUB;Cuba;0,387835697;0,370488305;0,367780241;0,393023554;0,402305988;0,400219116;0,396976725;0,404881196;0,394885319;0,375000091;0,357633592;0,335339461;0,321677659;0,304296507;0,281592392;0,253903284;0,23386917;0,223022021;0,212075327;0,212030076;0,209597411;0,203541297;0,202429433;0,198458201;0,18851788;0,18756757;0,179592309;0,171694942;0,169124519;0,156935238;0,160812904;0,154939447;0,156608683
CYM;Cayman Islands;0,053738152;0,05578711;0,061151743;0,050638809;0,062734929;0,062914607;0,06301197;0,056770188;0,052665831;0,052861816;0,045813614;0,048143486;0,054659899;0,050301019;0,051386198;0,043980316;0,043052088;0,051908962;0,058293828;0,061892635;0,069142107;0,057198967;0,056100387;0,064702928;0,064668996;0,064951006;0,065232821;0,065821557;0,065487441;0,083173505;0,07546918;0,070347129;0,064314811
CYP;Cyprus;0,379190288;0,413053637;0,402622529;0,417585726;0,410605589;0,373040045;0,389560675;0,383718997;0,377679871;0,372662681;0,363290413;0,3462205;0,342821767;0,360724469;0,341415105;0,32945931;0,318689694;0,313076216;0,308401064;0,308375168;0,303975728;0,295356806;0,286297407;0,281405438;0,300588055;0,293152946;0,288709568;0,278530311;0,270788679;0,271307752;0,270873935;0,276445244;0,268066484
CZE;Czechia;0,809168581;0,829278741;0,794958497;0,762470506;0,709993926;0,661807002;0,652017975;0,638952074;0,612675313;0,570734089;0,602007374;0,586442468;0,556864378;0,550224677;0,529173916;0,487174019;0,46011109;0,440667884;0,413117874;0,413120485;0,409243493;0,395632621;0,386868475;0,373369674;0,35908785;0,344413769;0,338707978;0,324533422;0,310272993;0,289057176;0,282961488;0,287792003;0,283859442
DEU;Germany;0,423722049;0,394736429;0,366926397;0,366259131;0,353181155;0,345331179;0,351067241;0,333106892;0,320582065;0,302917955;0,292498501;0,290813502;0,286259403;0,28789035;0,279901672;0,271406517;0,263057339;0,247350617;0,245448067;0,242940853;0,244827877;0,228571588;0,230755311;0,234071672;0,219277942;0,217308532;0,213052933;0,203784067;0,195174667;0,181001371;0,174280106;0,179113838;0,174095585
DJI;Djibouti;0,93592471;1,138711051;0,823053029;0,676072236;0,937288355;0,812470003;0,964456905;0,912183306;0,935840964;0,909969166;0,722710529;0,741369568;0,760199025;0,720878121;0,696249794;0,652716542;0,558910576;0,544010669;0,510537327;0,643665574;0,743651559;0,606453956;0,630410971;0,608507492;0,578407914;0,521699618;0,477119751;0,437799676;0,430957018;0,407562051;0,407528168;0,404580378;0,399037582
DMA;Dominica;0,159719335;0,157803642;0,155349553;0,182892822;0,203318253;0,210294468;0,213947963;0,20628209;0,157442974;0,194332946;0,182913654;0,184233056;0,180996522;0,18083474;0,181694383;0,179082146;0,175076194;0,181464172;0,166253724;0,170036926;0,172328709;0,15591919;0,154445524;0,166074592;0,16458353;0,172087538;0,172927278;0,17338942;0,180988133;0,17937882;0,198646102;0,1833899;0,176262488
DNK;Denmark;0,346180034;0,394487541;0,35822102;0,371079277;0,369834168;0,345748732;0,394503625;0,341128347;0,317087352;0,296159412;0,270242431;0,274346519;0,270008545;0,289744412;0,26005113;0,241055963;0,256898652;0,238842407;0,227509361;0,230530505;0,227503991;0,205909599;0,188472771;0,194277333;0,177002883;0,166502711;0,167548736;0,156170737;0,153551644;0,141124579;0,136074151;0,138714293;0,129937512
DOM;Dominican Republic;0,408286303;0,423817167;0,401489021;0,378776946;0,399218201;0,392730538;0,390401427;0,387455388;0,393655375;0,380869397;0,370901035;0,371176755;0,383984266;0,360729366;0,345846801;0,330107028;0,32383983;0,311839711;0,305029878;0,299429802;0,287260731;0,281767508;0,281063302;0,265950026;0,252136519;0,250810986;0,243628722;0,228937414;0,226801349;0,21879115;0,220901536;0,199092195;0,192771796
DZA;Algeria;0,647522743;0,669695477;0,698580631;0,738150012;0,729627111;0,747426233;0,723566145;0,688996715;0,651674127;0,657018568;0,664762357;0,604412553;0,574651247;0,581638543;0,548870638;0,540842641;0,556889431;0,535281935;0,545285261;0,52755599;0,529851206;0,53029024;0,552658909;0,544018199;0,55662373;0,55918238;0,545461448;0,545297573;0,558856544;0,560689813;0,562819333;0,583231759;0,566228864
ECU;Ecuador;0,453828226;0,440567569;0,463184299;0,466066467;0,469891129;0,487940862;0,522927124;0,51409843;0,476798112;0,467857373;0,445683324;0,465978825;0,450983465;0,455786395;0,447815935;0,430782493;0,430001613;0,423230347;0,404761674;0,431651358;0,441695315;0,412926639;0,392596662;0,391298958;0,384934365;0,377321857;0,377203375;0,360157249;0,360998718;0,360468492;0,361214812;0,385824771;0,393614118
EGY;Egypt;0,425080783;0,447128596;0,435313661;0,427864895;0,400169054;0,405270478;0,40816759;0,40163324;0,388714878;0,392259465;0,368274356;0,383251168;0,386988032;0,385461424;0,39579621;0,417361428;0,409633512;0,401942047;0,379766061;0,371559494;0,351639808;0,356468656;0,363998358;0,348166742;0,342078646;0,332616675;0,331474044;0,338317516;0,324433636;0,276266577;0,260775381;0,270790681;0,266323622
ERI;Eritrea;1,242339284;1,421436571;1,611580519;1,178646374;0,999020222;0,979986664;0,970358211;0,954517889;0,890464918;0,900970867;0,927972138;0,823478511;0,782302298;0,806959136;0,7859682;0,739837822;0,707399228;0,706545145;0,762903037;0,738476935;0,714451385;0,675790719;0,628217282;0,593279764;0,572058829;0,555910909;0,548876675;0,515276925;0,493122952;0,470493064;0,451135062;0,445547495;0,436704564
ESH;Western Sahara;;;;;;;;;;;;;;;;;;;;;;;;;;;;;;;;;
ESP;Spain and Andorra;0,280494134;0,280023948;0,284895229;0,274212845;0,279247656;0,285480982;0,272589694;0,281734804;0,277155585;0,28346065;0,282594832;0,27076494;0,275420379;0,273982006;0,275911854;0,274931456;0,259698902;0,260261423;0,238473503;0,22552525;0,217466522;0,219097501;0,221379565;0,207346012;0,20321679;0,202313851;0,191421247;0,193984476;0,185798109;0,172550845;0,1711917;0,170068743;0,173243514
EST;Estonia;1,633871823;1,632638856;1,540681624;1,358168125;1,393706133;1,228094615;1,227965224;1,098329383;0,969338171;0,90669942;0,834748779;0,799897049;0,717123264;0,738387069;0,704139092;0,642988809;0,559213067;0,61243294;0,598594959;0,599423558;0,7314979;0,686942674;0,63839265;0,688283105;0,649019549;0,589069795;0,568253092;0,568267555;0,575696746;0,393628022;0,306711324;0,285851141;0,271479106
ETH;Ethiopia;1,803067463;1,964445525;2,209645615;1,813883671;1,829532451;1,753634043;1,63862604;1,644248587;1,817898957;1,729981031;1,591012272;1,573936479;1,698252435;1,721965806;1,559155461;1,446155874;1,38594456;1,35943887;1,285298898;1,223217378;1,137134914;1,021189516;0,979078089;0,920176102;0,873805057;0,811944812;0,774163468;0,726027333;0,698202123;0,686513901;0,678642882;0,667782796;0,655141276
FIN;Finland;0,520899745;0,55747102;0,54991875;0,563684646;0,589115545;0,540164142;0,551365766;0,512426119;0,463739959;0,449264675;0,417130392;0,438301531;0,438139779;0,472495354;0,448051883;0,372199109;0,416186975;0,369408016;0,332471922;0,347667817;0,377873615;0,335486509;0,32397702;0,327295563;0,308629899;0,28790362;0,279509719;0,255361936;0,256627169;0,238380891;0,221966576;0,212637815;0,198893298
FJI;Fiji;0,356538085;0,345458834;0,335722085;0,345548251;0,34480775;0,350357856;0,343275052;0,36175464;0,355456489;0,335225267;0,389886524;0,396968458;0,342263671;0,368044758;0,409528111;0,376564862;0,38589955;0,361892438;0,310240367;0,290716244;0,351787437;0,29319389;0,285098807;0,291230824;0,243193716;0,242418814;0,235763932;0,243466247;0,245197764;0,265155867;0,275879129;0,302405727;0,268123614
FLK;Falkland Islands;;;;;;;;;;;;;;;;;;;;;;;;;;;;;;;;;
FRA;France and Monaco;0,272442869;0,285105881;0,273488646;0,264091409;0,255433989;0,255194026;0,260300687;0,248114008;0,244875727;0,233511626;0,224787384;0,22218057;0,217087856;0,2165778;0,210998613;0,207704156;0,197598861;0,190852134;0,187783041;0,18778172;0,187763428;0,177574428;0,177810711;0,174804987;0,161316119;0,161036207;0,160007025;0,157429399;0,150099623;0,144199205;0,142171664;0,145191421;0,137654599
FRO;Faroes;;;;;;;;;;;;;;;;;;;;;;;;;;;;;;;;;
GAB;Gabon;1,181348729;1,068108614;1,174940288;1,164951276;1,099952514;1,172012843;1,274439394;1,11344548;1,251375582;1,309176496;1,374090135;1,349811292;1,309231672;1,426388975;1,310928882;1,201774613;1,066428197;0,870284878;0,969188686;0,941844519;0,903843723;0,832931507;0,787788628;0,73789844;0,715657348;0,717531519;0,705705307;0,641974927;0,592747336;0,628299608;0,62789273;0,588297053;0,558956658
GBR;United Kingdom;0,438661123;0,450456009;0,435538168;0,412673638;0,393007831;0,381431702;0,384470114;0,356435195;0,341197594;0,319157038;0,306206855;0,303879449;0,289884919;0,284852743;0,275819179;0,264497962;0,256155197;0,24415761;0,236267206;0,226449055;0,225517136;0,207122432;0,212178809;0,202919681;0,182929077;0,173565989;0,163079005;0,154565702;0,149793882;0,141994738;0,145693166;0,141301308;0,136008067
GEO;Georgia;0,787782101;0,79983705;1,184929885;1,39699419;1,123901192;0,931535214;0,752938974;0,6432916;0,58989415;0,55895397;0,575237475;0,465076027;0,434300966;0,411454658;0,399299709;0,394454442;0,374267507;0,35953319;0,321997929;0,364059817;0,326190453;0,340105347;0,347288548;0,354813935;0,357485583;0,350788969;0,34926656;0,336500778;0,318121043;0,316687312;0,332915429;0,312435367;0,285353499
GHA;Ghana;0,318659789;0,311591713;0,314140923;0,307817997;0,30887568;0,306827408;0,308661639;0,305532835;0,32802165;0,33118788;0,311154295;0,311149103;0,321661242;0,301432962;0,283848609;0,279055932;0,289315016;0,285046008;0,281088599;0,281514058;0,275007448;0,272600931;0,274506958;0,273502954;0,267878808;0,273776535;0,268712057;0,271960974;0,274611815;0,277835392;0,292060683;0,289254072;0,287708059
GIB;Gibraltar;0,453318168;0,613949927;0,706538125;0,675251607;0,748997651;0,695758552;0,676394456;0,646081901;0,643199412;0,640839963;0,630104597;0,608514668;0,594670842;0,572166776;0,589496356;0,575896236;0,564655126;0,529093078;0,535678607;0,60641109;0,596527269;0,559722977;0,554684961;0,562121723;0,580020934;0,613797861;0,586153881;0,562791314;0,54980192;0,530570896;0,228548598;0,22702952;0,235061076
GIN;Guinea;0,825016481;0,836388977;0,799390598;0,790094151;0,802134071;0,797302216;0,812454091;0,755204733;0,757305208;0,780465172;0,81881563;0,807675633;0,797359277;0,822349604;0,836158732;0,843092715;0,868904517;0,844251608;0,848676326;0,891829235;0,995390538;0,990210371;0,966560328;0,95077094;0,954369875;0,971832747;0,915495659;0,863972674;0,841658914;0,816452081;0,792137827;0,791761174;0,78273129
GLP;Guadeloupe;;;;;;;;;;;;;;;;;;;;;;;;;;;;;;;;;
GMB;The Gambia;0,449445696;0,465426574;0,439653549;0,428942727;0,44805258;0,448634211;0,444851915;0,422508025;0,419798024;0,403874161;0,425056713;0,403435584;0,423959043;0,43589082;0,426685257;0,447201334;0,469464386;0,466976422;0,46609255;0,491520286;0,481696191;0,473930473;0,457542817;0,464919868;0,5010876;0,511192177;0,475581643;0,462112863;0,426949394;0,422562053;0,426342159;0,419751642;0,407422835
GNB;Guinea-Bissau;0,855115908;0,850707869;0,840534425;0,83458444;0,820830112;0,810582267;0,734768243;0,692210307;0,973841768;1,014836313;0,972520555;0,95218913;0,977138707;1,00080398;0,988160261;0,967139605;0,984882317;0,995847012;1,000459758;1,006818567;1,010014069;0,943387765;1,006932263;1,012039743;0,959889114;0,952319221;0,913422735;0,833483507;0,844072605;0,827972171;0,862977095;0,845783299;0,830325821
GNQ;Equatorial Guinea;0,41816825;0,442057975;0,33454752;0,330767323;3,755138873;3,644663525;3,650275393;2,119406136;2,135823856;1,864625132;1,832867871;1,277527503;0,870597349;0,846103756;0,84142132;0,703248854;0,708582717;0,672397293;0,565811002;0,521921458;0,585215188;0,558391487;0,518350732;0,523146237;0,520592881;0,564230633;0,594229736;0,582469506;0,539492719;0,521167167;0,526439126;0,537493171;0,468143333
GRC;Greece;0,402240384;0,38933526;0,393899796;0,400247393;0,402191114;0,410480204;0,402588045;0,38966167;0,389182596;0,381281317;0,38656606;0,373053647;0,361099581;0,350993203;0,334501165;0,338580831;0,312253879;0,312714509;0,302968009;0,301350762;0,299569397;0,32432624;0,333883531;0,316347336;0,30472474;0,298802885;0,294856871;0,291964808;0,278795949;0,256703151;0,248072109;0,233903742;0,228308312
GRD;Grenada;0,11908836;0,118671107;0,122269076;0,133566311;0,141794021;0,132605037;0,132169285;0,150113052;0,124789237;0,115537753;0,093519794;0,097364002;0,097526039;0,09461217;0,093490654;0,085991539;0,095239282;0,096956179;0,101460351;0,113813679;0,123124959;0,105132189;0,110974345;0,131843942;0,11183142;0,106667338;0,108302438;0,102766401;0,105739131;0,113165465;0,11794383;0,110466162;0,107544262
GRL;Greenland;0,000405296;0,000407556;0,000430614;0,000454366;0,000429337;0,000414807;0,000409819;0,000404221;0,000376256;0,000371646;0,000346556;0,000343549;0,000348273;0,000351022;0,003354972;0,003225703;0,003126125;0,003011758;0,002914507;0,00254209;0,002863665;0,003042765;0,002426267;0,002425374;0,002118813;0,002324871;0,002203934;0,002152627;0,002091379;0,002026267;0,00193282;0,001883837;0,001982898
GTM;Guatemala;0,281169054;0,283241848;0,292233258;0,299657081;0,295143507;0,301570509;0,293606711;0,291661112;0,306090949;0,303797016;0,308091554;0,312971267;0,316589725;0,30719053;0,307927076;0,313358657;0,30440227;0,298643954;0,284052185;0,296170784;0,288676781;0,283223002;0,284033271;0,287931902;0,290059949;0,301049051;0,305097768;0,293752551;0,299921288;0,298433468;0,294240861;0,291502633;0,283080743
GUF;French Guiana;;;;;;;;;;;;;;;;;;;;;;;;;;;;;;;;;
GUY;Guyana;1,069254016;1,057947097;0,993583271;0,960351577;0,940234028;0,969349077;0,906844646;0,886259609;0,882392718;0,87020432;0,826007626;0,80118169;0,763711323;0,806406596;0,77898632;0,748236331;0,677714309;0,681277566;0,682940743;0,67096726;0,675021031;0,657641662;0,651266634;0,644094014;0,663394636;0,668502357;0,650852153;0,643779026;0,623535463;0,623282191;0,495050995;0,434858714;0,279887882
HKG;Hong Kong;0,243326662;0,249728194;0,259391425;0,249481009;0,204120717;0,201938404;0,182516954;0,169163446;0,218277473;0,227165365;0,195504656;0,193890352;0,186800763;0,195458014;0,166013812;0,162479091;0,150524462;0,147884795;0,141188103;0,151168771;0,133518626;0,135423307;0,131842803;0,131858265;0,131852285;0,120919253;0,120486987;0,114141721;0,110962498;0,111776242;0,099660488;0,092308936;0,091110301
HND;Honduras;0,488204606;0,511287243;0,499494671;0,459085073;0,499072272;0,488931976;0,495655192;0,480483759;0,48558489;0,468256959;0,453769612;0,482392112;0,508537184;0,538965947;0,542987203;0,487363433;0,490262234;0,4953062;0,483296726;0,495921108;0,479668184;0,492350555;0,488696836;0,47503308;0,470476508;0,469580819;0,452478787;0,409224025;0,392005334;0,406686133;0,424509526;0,401049777;0,39865629
HRV;Croatia;0,401513217;0,362407914;0,355873691;0,389188388;0,352891208;0,340348859;0,318725648;0,326838491;0,323502117;0,329411282;0,315683412;0,319802978;0,31082018;0,311159097;0,305017844;0,292568272;0,284675775;0,287567693;0,270039031;0,273552445;0,270658407;0,26721768;0,254224907;0,25185295;0,245180789;0,245808954;0,240719931;0,236480415;0,218785575;0,212130431;0,223061027;0,195920124;0,184380209
HTI;Haiti;0,316758825;0,319648239;0,354775775;0,363871086;0,391777572;0,39405916;0,391676941;0,404140289;0,404338975;0,401980082;0,418985896;0,426089384;0,435304202;0,424595662;0,428881917;0,424376409;0,423536015;0,423985024;0,417521216;0,40035743;0,447950703;0,445154035;0,438656347;0,429225668;0,431173483;0,43579827;0,437517406;0,427172429;0,417983377;0,431187232;0,439896655;0,445967958;0,458679523
HUN;Hungary;0,491024514;0,531520537;0,482713742;0,491531411;0,475910372;0,462616105;0,47685833;0,45427034;0,432990331;0,422798917;0,389583626;0,382235921;0,376019325;0,366558799;0,343997137;0,325890696;0,309565386;0,302278597;0,290387987;0,2822881;0,280322023;0,271704137;0,261238384;0,246469968;0,237078427;0,238011367;0,236148276;0,247486728;0,235136516;0,219830824;0,223624764;0,215454949;0,193935473
IDN;Indonesia;0,519433848;0,510349122;0,501562008;0,489177775;0,473073421;0,463678086;0,450214788;0,448674975;0,514757073;0,52284194;0,50042762;0,502532366;0,4906483;0,492757353;0,478518215;0,457990699;0,456560486;0,443138444;0,42080633;0,420585018;0,412783377;0,437458779;0,422008378;0,382972802;0,384354505;0,366599307;0,347315567;0,352363468;0,364546852;0,363430865;0,352875354;0,347458878;0,362933286
IND;India;0,907275851;0,934571873;0,905516188;0,882866498;0,856807078;0,82834772;0,792220843;0,786694844;0,753646658;0,718872707;0,704473789;0,68090162;0,665990438;0,633678384;0,617297619;0,591547454;0,57346844;0,565886929;0,574286204;0,564335689;0,543301026;0,53909345;0,542008734;0,515729874;0,506483718;0,473500166;0,444278743;0,433741078;0,426124238;0,407674982;0,408317065;0,39948785;0,392091537
IRL;Ireland;0,611957988;0,606069805;0,586471527;0,57861684;0,560841326;0,517112388;0,493388233;0,45567957;0,437601577;0,419572727;0,403339975;0,396114184;0,366802212;0,354627888;0,327030768;0,313822831;0,301392583;0,277044728;0,284503465;0,277203591;0,268696604;0,249980727;0,254475409;0,248329136;0,228883728;0,189916223;0,196348351;0,177738083;0,156390913;0,143864502;0,130558307;0,118105938;0,107756692
IRN;Iran;0,631644656;0,636544624;0,656407063;0,664621715;0,745489821;0,731348522;0,716390982;0,729660888;0,693418565;0,725208722;0,727260696;0,718865733;0,689292346;0,690896523;0,706702652;0,730716995;0,745168327;0,719497929;0,723783847;0,739543827;0,709246673;0,700444965;0,723176696;0,752743117;0,73844429;0,747837301;0,725620517;0,731947353;0,759144339;0,751173569;0,715633925;0,709896588;0,702311806
IRQ;Iraq;1,289488833;1,69434174;1,726155021;1,689024442;1,768933632;1,735954505;1,455973642;1,521051238;1,000842904;0,788926164;0,766298002;0,815421799;0,833693278;1,18785025;0,864001753;0,821133225;0,776130257;0,715497961;0,732522297;0,775258694;0,820332042;0,811310219;0,804498154;0,77938917;0,780394421;0,771834955;0,780829143;0,836719638;0,856084064;0,857563526;0,875123654;0,889307566;0,898908187
ISL;Iceland;0,499764166;0,497221206;0,386929987;0,396034544;0,397215543;0,375521427;0,390846946;0,362899481;0,352373628;0,344035251;0,336958303;0,333026686;0,347299163;0,337515281;0,319268718;0,298895777;0,29079051;0,288116837;0,300387008;0,325183013;0,330553233;0,315481286;0,312371891;0,30184107;0,286215763;0,283476151;0,243093217;0,240273799;0,226381462;0,216475771;0,225393473;0,216839239;0,226875435
ISR;Israel and Palestine, State of;0,404135784;0,386156538;0,385989195;0,376916639;0,363913655;0,361497933;0,362605254;0,358341994;0,348388961;0,34474766;0,343868403;0,345755797;0,365022141;0,366570392;0,348161043;0,323337174;0,322264618;0,315012648;0,310120949;0,29931915;0,304500484;0,289031871;0,301159809;0,265258115;0,249486502;0,254626763;0,244820036;0,235674794;0,218340264;0,214522017;0,213415479;0,198753794;0,194278707
ITA;Italy, San Marino and the Holy See;0,247572599;0,242642926;0,238147863;0,237151749;0,230340703;0,23592147;0,231182602;0,228631906;0,22867736;0,228130772;0,222440352;0,216788614;0,219998408;0,22715384;0,227530157;0,226005181;0,217364627;0,211404274;0,207560458;0,198230457;0,198962845;0,193130206;0,191412134;0,181317544;0,173066257;0,175904308;0,171508044;0,167829512;0,164236717;0,15865411;0,157993828;0,157941179;0,153044576
JAM;Jamaica;0,446770557;0,427718362;0,461290173;0,429031345;0,425138246;0,429643971;0,443652261;0,456690072;0,488801162;0,496015904;0,493927499;0,490186393;0,478844671;0,476093528;0,468271142;0,46360597;0,500392924;0,48973633;0,407996087;0,357804552;0,348623105;0,340271579;0,320715066;0,336453782;0,324888146;0,317269041;0,331887509;0,318170573;0,361486392;0,349647653;0,288651543;0,283503278;0,272259377
JOR;Jordan;0,443346324;0,448132145;0,45799233;0,456456296;0,45156792;0,451392492;0,451709647;0,451563712;0,44654416;0,435932959;0,45644182;0,438603819;0,43338442;0,429229084;0,423764159;0,419193225;0,393971226;0,38000835;0,350628791;0,340753155;0,330019879;0,331491434;0,368047114;0,356050074;0,368521277;0,360393938;0,355377122;0,36287133;0,346726821;0,327340144;0,313854371;0,32687218;0,328412942
JPN;Japan;0,325905532;0,31814321;0,317513664;0,318085648;0,329079341;0,324599323;0,317473577;0,310340093;0,301866366;0,309731243;0,302103488;0,296067928;0,302137224;0,298535061;0,290247755;0,286984391;0,277141866;0,280079995;0,268184489;0,269837549;0,272114184;0,282163324;0,285891521;0,283491221;0,272368035;0,259999982;0,255427093;0,248355931;0,239042828;0,232593818;0,230095546;0,227913992;0,227001745
KAZ;Kazakhstan;1,586657657;1,815645092;1,940944717;1,866228277;1,903950919;1,806729635;1,586407936;1,367379444;1,390125708;1,249940379;1,168880958;1,020491721;1,014600995;1,024705487;1,001674427;0,970849677;0,970071372;0,935770879;1,049897888;0,953092814;0,945758194;0,932845596;0,885435299;0,884359852;0,736725994;0,647787502;0,672351685;0,688803438;0,672362855;0,615624058;0,64843788;0,643215057;0,647519829
KEN;Kenya;0,504037045;0,488829909;0,499728718;0,504568729;0,500124819;0,487939287;0,461802326;0,460918616;0,458012218;0,476833805;0,465690862;0,459357805;0,480920004;0,480946425;0,497226722;0,491287808;0,453539983;0,568683188;0,603086341;0,577652435;0,559159638;0,538521646;0,50689945;0,491542273;0,482218762;0,472162196;0,485382696;0,454976266;0,441962603;0,460625565;0,469249704;0,454244523;0,447011416
KGZ;Kyrgyzstan;1,487912344;1,484994558;1,278807748;1,223351476;1,158974984;0,946754785;0,949825256;0,895939537;0,903676643;0,791431667;0,74871414;0,659276518;0,72802043;0,720489606;0,670123838;0,663241667;0,63718653;0,653338987;0,665153669;0,644868855;0,63700852;0,689124499;0,775000096;0,697434384;0,70611248;0,69710552;0,661705512;0,642633889;0,684204415;0,626724747;0,65377842;0,650410909;0,620920176
KHM;Cambodia;1,416730816;1,257554488;1,008205055;1,181372538;1,648906557;1,885956186;1,775368132;1,738769546;1,667498808;1,508495694;1,340558056;1,277749857;1,209566224;1,202844041;1,075603612;1,027587474;0,977430535;0,919289819;0,882657633;0,921258165;0,883443314;0,856987157;0,791804461;0,734210407;0,701208459;0,680295014;0,681133654;0,67559005;0,645296679;0,65788338;0,693082485;0,687858737;0,658394635
KIR;Kiribati;0,228559845;0,228177167;0,227550205;0,224601496;0,226955921;0,225014232;0,226651272;0,231583004;0,223988015;0,226327651;0,320372799;0,301796878;0,374837032;0,375893281;0,39269647;0,460261937;0,486378182;0,43788864;0,487401954;0,441956363;0,45973339;0,434179333;0,410285557;0,414456066;0,424643231;0,400817512;0,430219949;0,47923286;0,461277589;0,49352855;0,434588606;0,416092041;0,418632499
KNA;Saint Kitts and Nevis;0,115198669;0,129791385;0,127292904;0,126934749;0,128588843;0,113884902;0,116073363;0,112913543;0,114090885;0,108636932;0,110384974;0,10735381;0,112477105;0,120330797;0,123437103;0,106656195;0,106857391;0,115043157;0,107834664;0,120101725;0,12741061;0,109178692;0,107569165;0,114307075;0,107477661;0,107693288;0,109501828;0,10295119;0,110255529;0,114597293;0,119680104;0,118201921;0,11153709
KOR;South Korea;0,608905503;0,59971655;0,597761066;0,595428771;0,584376868;0,575121006;0,567664268;0,566192092;0,513635719;0,500615751;0,505032202;0,486465689;0,457568879;0,445099802;0,440054591;0,422115779;0,406149976;0,393102386;0,386636957;0,389430233;0,395050377;0,397470747;0,390997066;0,37776137;0,363953574;0,363177413;0,360672964;0,354398097;0,346572393;0,330412237;0,318356752;0,319313415;0,309169138
KWT;Kuwait;0,791344764;1,238881312;0,670556051;0,693175395;0,725913655;0,671090483;0,671804674;0,70009357;0,686461576;0,721360202;0,766404474;0,782100967;0,789357894;0,744627842;0,70639468;0,707329854;0,676313693;0,616876539;0,626790056;0,670849404;0,705445513;0,678667548;0,655251854;0,66170582;0,649896585;0,670290968;0,673381534;0,698624867;0,699773189;0,712341452;0,777436276;0,804283259;0,799761575
LAO;Laos;0,984965975;0,92367237;0,906259483;0,863489728;0,8421358;0,798355349;0,771409911;0,747411316;0,695708434;0,652548704;0,679025025;0,667843313;0,647765183;0,629674169;0,618363172;0,569262535;0,550894649;0,533957004;0,522159622;0,522131987;0,510849058;0,47379028;0,470249786;0,451388718;0,442436837;0,526155195;0,653460196;0,677431611;0,649867444;0,613736393;0,624573967;0,62851543;0,615981145
LBN;Lebanon;0,382994254;0,308324292;0,283799243;0,34462042;0,34577848;0,371432177;0,347049099;0,373365216;0,360506337;0,37281928;0,340058625;0,352803191;0,343474615;0,3372544;0,322947719;0,314927531;0,305081205;0,263578481;0,284456245;0,297227375;0,266611963;0,270553156;0,292100934;0,280528619;0,294069577;0,314251127;0,321092799;0,333897436;0,324982512;0,346953799;0,373545238;0,421662145;0,439575459
LBR;Liberia;0,53556491;0,51773199;0,773035598;1,081648098;1,373296792;1,431342802;1,567287805;0,78676912;0,638226964;0,58764015;0,428154938;0,433554914;0,426958932;0,632185103;0,647070789;0,670039337;0,665794985;0,60543607;0,564062085;0,561079709;0,589631087;0,57389971;0,560303344;0,516066705;0,568898027;0,593958094;0,625387671;0,59418319;0,624959801;0,666021466;0,708027955;0,704560362;0,685601302
LBY;Libya;0,6266351;0,525435594;0,507320717;0,501652433;0,597068227;0,755869339;0,769216185;0,682348963;0,654114599;0,644725559;0,653146899;0,640513288;0,648121343;0,634395695;0,601562475;0,585273645;0,543569509;0,482757224;0,506090801;0,529567206;0,53369739;0,638150291;0,542431364;0,612408564;0,718729249;0,643062676;0,628899496;0,552817456;0,548182279;0,639549643;0,668419239;0,743080316;0,774980574
LCA;Saint Lucia;0,10070381;0,101460427;0,094893543;0,093907354;0,099495619;0,101068418;0,099976946;0,104341662;0,103289614;0,105146994;0,112221232;0,119145873;0,114167728;0,116524875;0,107296037;0,10909185;0,106277563;0,109748498;0,108193664;0,115893475;0,123687621;0,105371782;0,110904429;0,125470845;0,127551829;0,127043614;0,128257972;0,125276587;0,124540373;0,168830151;0,202702518;0,178640983;0,160259556
LKA;Sri Lanka;0,332390436;0,306896337;0,308982704;0,293534674;0,295021982;0,277633125;0,274165359;0,258304038;0,242932547;0,249705459;0,245128059;0,243653997;0,242002029;0,242128739;0,223836432;0,230315143;0,204151489;0,195284492;0,19188893;0,177554852;0,175352437;0,172752345;0,167797253;0,151672345;0,145596331;0,158321181;0,159301376;0,13995495;0,139389604;0,142863913;0,149461566;0,142114693;0,143396345
LSO;Lesotho;0,969013751;0,922736494;0,925454205;0,879497309;0,811483928;0,769637004;0,701959033;0,70220541;0,615693905;0,784445189;0,79848845;0,779771519;0,735601456;0,712831438;0,701720841;0,71985431;0,681241154;0,686537659;0,619515414;0,6470523;0,617270316;0,596118679;0,573760394;0,543131971;0,536117188;0,513201164;0,496946911;0,547338162;0,527840781;0,510250306;0,57441665;0,566030137;0,574511378
LTU;Lithuania;0,752132105;0,941702489;0,70934773;0,610899733;0,624290933;0,566465042;0,551278499;0,499217474;0,484776127;0,428954234;0,380762745;0,370654199;0,356300971;0,323661559;0,317530104;0,309883015;0,292811323;0,289308974;0,290193181;0,298889263;0,306936364;0,300344798;0,293212837;0,26528369;0,256996352;0,260565228;0,247795101;0,241300567;0,229441775;0,22100979;0,21862974;0,202004759;0,185850573
LUX;Luxembourg;0,468244645;0,447197943;0,428094878;0,419600685;0,377386988;0,304012005;0,300187078;0,270019633;0,234308632;0,226467719;0,226410506;0,231555325;0,239151385;0,241601194;0,260672854;0,258695821;0,240403237;0,212311598;0,210840397;0,207045431;0,210660762;0,205794445;0,198320857;0,183548334;0,170991695;0,158882189;0,147672193;0,147989788;0,150491983;0,149571391;0,127477182;0,128701603;0,112719979
LVA;Latvia;0,640059288;0,681924575;0,842303857;0,750105284;0,606750992;0,543598036;0,52920217;0,465024683;0,417711419;0,382133204;0,332630331;0,331867461;0,311380434;0,29586743;0,278377558;0,25796604;0,244040058;0,231125196;0,226803444;0,24853759;0,284305574;0,265728565;0,247626213;0,238356422;0,230470996;0,226973417;0,221978772;0,212128167;0,213646884;0,205758465;0,200387992;0,192343381;0,180174539
MAC;Macao;0,060281635;0,057980124;0,053241911;0,054188075;0,05785351;0,053943833;0,063025295;0,068956178;0,07981796;0,083824415;0,079646525;0,080648353;0,079837425;0,072886954;0,066124454;0,061642925;0,053924669;0,042528074;0,034621979;0,037362333;0,02962467;0,024101736;0,022723775;0,021143811;0,024508393;0,041533172;0,039893977;0,042861805;0,031937978;0,035385128;0,061703891;0,053405745;0,074089068
MAR;Morocco;0,44379869;0,423136769;0,447268441;0,449276205;0,431814939;0,468669625;0,421104091;0,44817701;0,42665886;0,437649718;0,437369858;0,432184226;0,427251686;0,406172163;0,417931411;0,421638154;0,401173027;0,393026818;0,386779904;0,374970833;0,380301514;0,383654466;0,383961814;0,372773902;0,36885105;0,362009852;0,361844033;0,358483803;0,354849269;0,36919117;0,38430577;0,386696227;0,374321461
MDA;Moldova;0,894152243;0,880253137;1,016923122;0,874913938;1,087557477;0,988389236;0,930708437;0,834316764;0,805185595;0,73169165;0,671398286;0,645780616;0,61401406;0,608534321;0,568286884;0,542643134;0,508711211;0,487355358;0,438331506;0,457877646;0,474780304;0,456833417;0,446048926;0,385697193;0,386200481;0,398358924;0,390411961;0,375808009;0,382381915;0,371013791;0,395180269;0,364218958;0,368244235
MDG;Madagascar;1,174570347;1,257000463;1,259370585;1,259556075;1,243280349;1,247763671;1,225445705;1,194342117;1,170633676;1,126076106;1,087036484;0,954712184;1,016630371;0,966735747;0,940736902;0,984790464;0,945461044;0,914149684;0,872641544;0,920146369;0,933940656;0,924831301;0,935074398;0,89898377;0,913795055;0,897517787;0,866680034;0,848375015;0,793710948;0,806679465;0,864134622;0,819841691;0,786221245
MDV;Maldives;0,064095606;0,060749467;0,062190626;0,06612003;0,111111053;0,141996694;0,136046033;0,117741439;0,122661337;0,113423261;0,214273599;0,195106538;0,214485084;0,164872986;0,194063277;0,209749436;0,199464696;0,184813186;0,183724137;0,210346284;0,205908892;0,205516958;0,248037332;0,256035433;0,31699372;0,232065134;0,236804926;0,23264007;0,244410689;0,266882769;0,330046126;0,241986381;0,220607204
MEX;Mexico;0,37505561;0,374740298;0,365922079;0,367061376;0,372464765;0,390904079;0,381607667;0,379003115;0,378238818;0,361721772;0,361122462;0,362241508;0,367800182;0,378434004;0,370681695;0,375446637;0,372069142;0,371154337;0,371373183;0,389226531;0,378796426;0,371993082;0,366972597;0,358848784;0,343922958;0,336596825;0,331582317;0,326211629;0,3104887;0,315163212;0,32014744;0,316528663;0,328949159
MKD;North Macedonia;0,637024156;0,608526435;0,584666744;0,643039785;0,641108524;0,640489387;0,721542964;0,648597349;0,670868463;0,597404567;0,554754771;0,577612756;0,542128182;0,567270561;0,549416787;0,544616039;0,505623724;0,504667783;0,472699769;0,433845762;0,425683557;0,45703042;0,43784652;0,39559698;0,36624707;0,339643058;0,320981559;0,331516192;0,308856525;0,327500498;0,317592755;0,323226434;0,317315973
MLI;Mali;1,119887995;1,017317525;1,0429299;1,026102767;1,020969129;1,043843664;1,001023038;0,965366137;0,941598507;0,929625183;0,987540169;0,905733899;0,924979678;0,889904264;0,905885621;0,89572125;0,865346832;0,887821095;0,895920681;0,900857229;0,906403817;0,904189719;0,948385041;0,979281097;0,948708574;0,94631138;0,97954293;0,988908192;0,990006918;0,974129925;1,011332645;1,02146114;1,025292495
MLT;Malta;0,435895672;0,39410465;0,371529324;0,453060314;0,38667054;0,346286246;0,326942022;0,329676515;0,302541108;0,293646985;0,219563574;0,257872092;0,235319828;0,252719457;0,252366881;0,249244299;0,248853724;0,244455777;0,237892694;0,22586194;0,220973971;0,222176081;0,219059722;0,185678281;0,172573572;0,119534672;0,099823133;0,098893273;0,09393933;0,092341069;0,098746245;0,090367879;0,086267513
MMR;Myanmar/Burma;3,120105521;3,017083795;3,046498587;2,928173844;2,843969138;2,767183929;2,563422967;2,357010268;2,272864061;2,252200685;2,060336565;1,849103897;1,696470995;1,602720516;1,465344132;1,367022394;1,257653509;1,141859756;1,013590923;0,920203586;0,85270102;0,786289807;0,751772155;0,715753597;0,696952261;0,698662515;0,66022746;0,698250674;0,667184537;0,63284323;0,618663625;0,769588609;0,758018935
MNG;Mongolia;2,384507997;2,912051963;2,957224848;2,905455588;2,623176891;2,554698451;2,365391111;2,305111636;2,300566977;2,295872507;2,339997753;2,075199692;1,802835264;1,632376183;1,471063267;1,688235985;1,748340177;1,749052568;1,653264158;1,865464692;1,895112168;1,843143674;1,681553767;1,581265065;1,544331173;1,465395896;1,675984203;1,770468709;1,728981731;1,742510544;1,684240805;1,591308512;1,5331162
MOZ;Mozambique;1,695821106;1,579336215;1,744113741;1,611935834;1,571433025;1,580957917;1,455639472;1,17755042;1,273455536;1,10396579;1,162091224;1,097366538;1,06757966;1,035154895;1,031116321;1,066193038;0,972725087;0,937233115;0,864212505;0,778259988;0,774473257;0,918824943;0,97493671;0,969991347;0,950492425;0,883936459;0,927955882;0,971850025;1,017101224;0,940800168;0,902608683;0,958457033;0,97774915
MRT;Mauritania;0,718765017;0,747377523;0,865394719;0,828678403;0,852118623;0,786801729;0,775016991;0,845158274;0,855469202;0,878144457;0,808895025;0,851562924;0,875805825;0,8412612;0,803905371;0,756965497;0,68523015;0,681987705;0,670939323;0,701621861;0,700326579;0,694524441;0,696351329;0,671234423;0,681378503;0,665858497;0,650851133;0,670978559;0,658186938;0,649397646;0,659498847;0,666688027;0,646923494
MTQ;Martinique;;;;;;;;;;;;;;;;;;;;;;;;;;;;;;;;;
MUS;Mauritius;0,226867239;0,226172045;0,221042014;0,223590449;0,219794377;0,216922127;0,213240124;0,20323915;0,205774403;0,231418939;0,23354402;0,236171481;0,231862559;0,224365669;0,21815534;0,223544583;0,255147146;0,248500263;0,241928992;0,234183352;0,237844134;0,229823231;0,226852066;0,22619343;0,225701156;0,219641659;0,215678393;0,216152786;0,207519691;0,205064488;0,223930103;0,229979874;0,222776186
MWI;Malawi;0,715656129;0,68415377;0,753989191;0,692970433;0,764949429;0,666427063;0,640427614;0,635903533;0,654518797;0,650811653;0,691861515;0,735993349;0,728622179;0,705610153;0,676138886;0,698238554;0,699710137;0,681469421;0,666877636;0,625019203;0,62425701;0,674071367;0,678211584;0,631148734;0,612386631;0,61187221;0,613217691;0,626229079;0,646272928;0,660767586;0,656324548;0,665730171;0,698900214
MYS;Malaysia;0,51012537;0,530513473;0,506656099;0,493537661;0,477795424;0,458583748;0,472012603;0,476077247;0,5077327;0,506275558;0,501945887;0,518374922;0,518459434;0,521386756;0,52825067;0,528790807;0,517682781;0,520575993;0,521298565;0,489954579;0,483034497;0,462713306;0,44244173;0,451578904;0,446189113;0,428212742;0,406249363;0,371318611;0,375306685;0,363138337;0,378410267;0,378539354;0,368291825
NAM;Namibia;0,779153845;0,734783725;0,682388644;0,686282723;0,693603735;0,678413622;0,675446012;0,672252869;0,676514119;0,669121613;0,696063544;0,728706332;0,657043675;0,648712007;0,587154623;0,68853213;0,5550842;0,528668296;0,564719015;0,560829127;0,529368634;0,511125475;0,547522432;0,49903593;0,501166272;0,486183566;0,524028915;0,509833164;0,504238915;0,523057244;0,551533943;0,542247602;0,537839151
NCL;New Caledonia;0,409906847;0,411873458;0,408895748;0,390915264;0,380365791;0,357015035;0,387859516;0,383413508;0,404464054;0,399983439;0,467982723;0,459218088;0,48950179;0,506567788;0,443927393;0,468040289;0,430152688;0,418451366;0,418130365;0,417296366;0,48806535;0,464313978;0,461972048;0,496368306;0,594136255;0,568335577;0,596909629;0,568425998;0,712373055;0,747993818;0,682726935;0,735428;0,674034741
NER;Niger;1,29436521;1,349081069;1,372408781;1,448027367;1,466088732;1,489227751;1,562364846;1,618519674;1,535566435;1,598316111;1,656320252;1,614354113;1,604976499;1,640547382;1,705861638;1,648571532;1,612022002;1,626994578;1,572522914;1,611490813;1,47567077;1,490111777;1,442517052;1,43959045;1,41431219;1,404686309;1,388053653;1,37411021;1,343334856;1,333093648;1,349346926;1,387261151;1,29422744
NGA;Nigeria;0,925743889;0,974135881;1,006430472;1,040432504;1,139978428;1,243507057;1,373716477;1,264070499;1,140286779;1,100065864;1,152453078;1,108686993;0,844067316;0,869031535;0,781757802;0,720552648;0,638021612;0,568277745;0,536526653;0,46963738;0,46946356;0,47493538;0,46056775;0,434878202;0,421824522;0,40451689;0,407699596;0,412588042;0,415448259;0,421228227;0,402807564;0,389765346;0,375855295
NIC;Nicaragua;0,736291416;0,660524155;0,721786146;0,769676526;0,769613281;0,697054863;0,659571292;0,674952088;0,67398943;0,680682613;0,679051944;0,67166244;0,680794786;0,699420589;0,661257626;0,637470051;0,637177067;0,616303633;0,591076413;0,614328354;0,604064005;0,60419539;0,584014931;0,558267051;0,554836084;0,563862738;0,544083857;0,521146764;0,528355973;0,554987644;0,56142572;0,527987262;0,519705957
NLD;Netherlands;0,418861588;0,4193271;0,410205207;0,411327514;0,402142159;0,395062866;0,400389754;0,368186833;0,351434323;0,319416243;0,304239112;0,296174014;0,293895613;0,29650416;0,294714186;0,28010837;0,266307946;0,25665313;0,246569151;0,248567869;0,259553845;0,24019504;0,242347014;0,241614806;0,228390016;0,232212416;0,229448475;0,218565835;0,206851437;0,196635524;0,186852228;0,180016677;0,161843027
NOR;Norway;0,350652641;0,325614191;0,318058736;0,325374924;0,326733799;0,315715066;0,309976915;0,30746828;0,303322873;0,304244762;0,280426599;0,277783884;0,272201377;0,284542911;0,276543228;0,258756697;0,253719278;0,24880976;0,249234744;0,244909443;0,252592414;0,242106212;0,231169954;0,229413368;0,224701609;0,225952883;0,220592214;0,216707039;0,211551125;0,202565939;0,204275529;0,20108599;0,190046133
NPL;Nepal;1,03636517;0,971817459;0,899368642;0,911185684;0,8497043;0,859967276;0,825528876;0,792758078;0,777367178;0,764405893;0,726632629;0,698866985;0,694333174;0,685356379;0,651459166;0,639685355;0,617189712;0,595318929;0,584759981;0,583871026;0,567829451;0,565272385;0,559906638;0,544404409;0,530467169;0,508008794;0,546199385;0,542057141;0,522081925;0,482323367;0,502577478;0,488606836;0,464129108
NZL;New Zealand;0,756678674;0,768763905;0,772457145;0,732871702;0,719877724;0,699991917;0,682116759;0,690429268;0,67499663;0,659022599;0,64806034;0,645671109;0,630259188;0,612159544;0,587861444;0,571848475;0,559849579;0,535550901;0,539990908;0,526783905;0,52150166;0,507327038;0,511225786;0,490982464;0,481365818;0,458487615;0,441326119;0,433030394;0,417058178;0,412531589;0,398078402;0,378199654;0,359700834
OMN;Oman;0,608782741;0,702599426;0,603845357;0,538749021;0,506931763;0,550989759;0,564717693;0,575225836;0,516200639;0,565250269;0,593459919;0,636330981;0,678400298;0,760887104;0,734527828;0,728199762;0,773190745;0,758962175;0,696094593;0,675377837;0,704886754;0,764073317;0,771338872;0,770905641;0,792075873;0,794362662;0,779649282;0,780272248;0,800409022;0,818060884;0,81556219;0,849462226;0,848702775
PAK;Pakistan;0,608572139;0,58048492;0,566265877;0,586978373;0,577382265;0,576243275;0,569862602;0,579785722;0,57874235;0,585401513;0,570351058;0,557567018;0,556791199;0,549479637;0,544393006;0,524926603;0,526651922;0,532329849;0,528697237;0,527406749;0,507025283;0,507094336;0,493406695;0,488620665;0,485385854;0,474515276;0,480930013;0,484427226;0,454395702;0,449205203;0,463883953;0,463380609;0,424748625
PAN;Panama;0,268152717;0,261473935;0,263854009;0,25448928;0,256962639;0,262379641;0,253163963;0,238198963;0,252218431;0,225906319;0,223755389;0,255651075;0,235034864;0,227790892;0,212204951;0,229892883;0,21951655;0,195058726;0,177557276;0,195130596;0,191919828;0,184238739;0,172499686;0,160374371;0,15578069;0,145639252;0,140313537;0,129246469;0,124316928;0,143462375;0,144096456;0,13497688;0,125989665
PER;Peru;0,405690472;0,390535044;0,399370348;0,393638158;0,360396471;0,36675573;0,376660556;0,354244356;0,357351791;0,369181483;0,362297229;0,344269569;0,336679962;0,324222047;0,329590456;0,316606246;0,29331542;0,285300858;0,275117121;0,286871453;0,283912376;0,284346801;0,269075426;0,25893523;0,262654585;0,259106056;0,258314739;0,245438472;0,236444911;0,241194988;0,239728236;0,231279272;0,242295668
PHL;Philippines;0,42146397;0,422976668;0,428898891;0,437213828;0,442686771;0,464851366;0,457928382;0,462313143;0,443363746;0,445144704;0,429992779;0,414096449;0,408314008;0,397790769;0,381821685;0,373491348;0,339182908;0,337269396;0,3280144;0,329231142;0,316846134;0,30771602;0,296325252;0,294142066;0,286641397;0,281851965;0,276731838;0,280278293;0,270882571;0,262902797;0,278231253;0,275975469;0,267510931
PLW;Palau;10,84296035;10,25947963;9,167328374;10,69781745;14,91767282;10,03704478;8,545452321;9,219523564;8,164866278;9,029575205;8,51249777;8,868303383;5,21437882;6,408948825;5,441095829;6,035606668;5,925010481;4,720667313;5,070040527;8,365345336;8,064648343;8,456017829;12,55241219;6,567721218;4,34496342;3,826936009;3,669694429;3,999666887;4,096507203;4,206151777;4,659182417;5,591621861;6,512332876
PNG;Papua New Guinea;0,342435732;0,317808559;0,29669042;0,255061744;0,242362801;0,26486388;0,258586451;0,272108285;0,478922363;0,299715724;0,389398126;0,395420178;0,441346013;0,447387994;0,465048791;0,512298155;0,512463565;0,425446611;0,455209039;0,35858169;0,280227421;0,288320918;0,267758648;0,271998192;0,312438236;0,336491353;0,342832556;0,326961682;0,327041217;0,326564782;0,243560529;0,249981614;0,238161394
POL;Poland;1,199257005;1,262406092;1,196818811;1,143945483;1,070911024;1,002269364;0,970444848;0,895485517;0,784577379;0,72717626;0,667616217;0,651178677;0,626863051;0,620971956;0,592092641;0,572891561;0,558440803;0,519057946;0,488323243;0,454164181;0,463867561;0,438162437;0,426357851;0,41639171;0,385803804;0,371066728;0,369723349;0,363718808;0,341090284;0,311674779;0,303473737;0,308753337;0,289989729
PRI;Puerto Rico;0,284230559;0,285803697;0,278580232;0,273375767;0,268027528;0,260568222;0,258202906;0,252247579;0,242647814;0,245564584;0,238380383;0,222671826;0,183730389;0,231703468;0,21425162;0,217644948;0,148100931;0,157253779;0,140592135;0,13203522;0,127690089;0,114768913;0,111711771;0,112433313;0,116417384;0,119286793;0,113999883;0,122497411;0,148254655;0,134397416;0,140527841;0,145145357;0,13814105
PRK;North Korea;1,638714082;1,60920485;1,534918668;1,464349759;1,335056776;1,277305774;1,193581509;1,232440766;1,054249019;1,12685347;1,173273917;1,22599632;1,165865865;1,167199861;1,163926813;1,178383632;1,140193822;0,970283354;1,046073001;0,805340888;0,837688252;0,714971461;0,695720491;0,571662718;0,589900295;0,519485757;0,560613623;0,745422892;0,674101757;0,706148542;0,656843177;0,674557597;0,663937566
PRT;Portugal;0,252858665;0,24858382;0,261096997;0,261671142;0,271284985;0,271089674;0,257938152;0,257357368;0,26233392;0,275768015;0,262056804;0,252399561;0,264140126;0,250480524;0,250886377;0,25770563;0,239498494;0,229314112;0,22099155;0,225109002;0,205629546;0,204084578;0,206774925;0,202921488;0,200585659;0,210279485;0,203419367;0,21208928;0,195090958;0,177813919;0,177266509;0,16557025;0,160945891
PRY;Paraguay;0,597250768;0,541841763;0,557681096;0,580387059;0,585168565;0,589240404;0,579645098;0,564516287;0,567848215;0,565535852;0,564527421;0,582158689;0,564135323;0,581610224;0,540662081;0,533577708;0,54420105;0,553629278;0,540178335;0,585579756;0,572894654;0,554974226;0,5766945;0,539505874;0,544133262;0,526964454;0,511519244;0,500081848;0,479867259;0,48669567;0,493419127;0,496990156;0,49660785
PYF;French Polynesia;0,229318389;0,219253254;0,209297443;0,204772594;0,17437731;0,173994367;0,173364537;0,182406272;0,182932213;0,172349395;0,180550049;0,198437186;0,200911639;0,204643428;0,190862249;0,198678774;0,18592899;0,185414239;0,189626484;0,197488271;0,209443591;0,210406975;0,206191522;0,217318841;0,214124641;0,217132454;0,214838547;0,208899603;0,20970347;0,21162895;0,202030725;0,218129649;0,202646095
QAT;Qatar;1,018194526;1,075644116;1,020695049;1,048137316;1,074572047;1,041714728;1,166892834;1,307300158;1,223654179;1,30891014;1,363126955;1,258247558;1,249712592;1,31365306;1,167211216;1,099196275;0,958470021;0,914393411;0,85664721;0,799123808;0,770678487;0,781956499;0,788285909;0,79257019;0,776017412;0,761944341;0,749867403;0,763275696;0,753379456;0,754500961;0,778085515;0,79118414;0,7438271
REU;Réunion;;;;;;;;;;;;;;;;;;;;;;;;;;;;;;;;;
ROU;Romania;0,791923885;0,744997689;0,738004331;0,68307926;0,638301044;0,620609429;0,611710672;0,597835886;0,54547653;0,480926797;0,487670466;0,483547253;0,456180982;0,458098295;0,414741258;0,389751019;0,375771708;0,347696425;0,313355852;0,282608004;0,290153109;0,291718783;0,280290731;0,261596798;0,252954993;0,247961846;0,240499302;0,229282419;0,218532398;0,207425684;0,204421826;0,202556163;0,188622436
RUS;Russia;0,960472561;0,993998429;1,075200044;1,08092544;1,120720056;1,135457698;1,146286981;1,06263136;1,116590228;1,075682413;0,999274411;0,956466;0,909602429;0,874749247;0,820792157;0,772387563;0,72637824;0,673178427;0,638178384;0,655689601;0,655987803;0,656327134;0,632109709;0,608478006;0,599159799;0,614958033;0,610118182;0,614443527;0,624420333;0,632548816;0,624698109;0,633831523;0,640561669
RWA;Rwanda;0,910707548;0,897052857;0,796057049;0,820955326;1,668927913;1,235777017;1,148751615;1,11855188;0,745228997;0,768884614;0,687146918;0,658918763;0,609286012;0,612959286;0,587508118;0,545620911;0,52640328;0,501099921;0,467911134;0,452804357;0,441924689;0,408444451;0,386991531;0,381637141;0,364753385;0,366536386;0,34857642;0,34257574;0,328197541;0,309109984;0,321414756;0,296588908;0,277209613
SAU;Saudi Arabia;0,353266384;0,324853406;0,332361182;0,350387502;0,370921132;0,365980623;0,377688833;0,381133469;0,389524778;0,40720206;0,407768956;0,42779254;0,464875789;0,446070689;0,436266093;0,440171396;0,450974218;0,463225472;0,468073708;0,495280752;0,510817731;0,482787645;0,484026023;0,476888307;0,48722068;0,485626754;0,477698296;0,476396191;0,453930572;0,451973574;0,468707406;0,465711227;0,445018178
SCG;Serbia and Montenegro;1,072927423;1,045436254;0,980935175;0,841954183;0,761121535;1,061608547;1,131335605;1,027598433;0,991266295;0,83219238;0,892265728;0,88946631;0,887454497;0,88623539;0,873479272;0,769977316;0,744172083;0,685452991;0,575035891;0,554141891;0,560091713;0,579318857;0,528449303;0,52109831;0,455931963;0,50395115;0,500988395;0,487175084;0,45682916;0,441174073;0,459545325;0,41288261;0,401659403
SDN;Sudan and South Sudan;0,879436718;0,832999927;0,845425685;0,846350613;0,916400575;0,872937536;0,852929857;0,743199623;0,743839463;0,753573542;0,742353767;0,735670504;0,718610914;0,698545335;0,680789782;0,66711262;0,64262608;0,622062431;0,607468711;0,634673578;0,61577907;0,620657457;0,763664601;0,756254625;0,733322806;0,73945533;0,735881431;0,730405428;0,776438694;0,796805677;0,824990192;0,858842306;0,878026955
SEN;Senegal;0,562124693;0,559269238;0,572205238;0,574841094;0,591947288;0,573884171;0,58838855;0,59080043;0,582747896;0,589632119;0,563387624;0,572001547;0,575472622;0,544441755;0,549534731;0,554307396;0,550917416;0,566001637;0,567653648;0,57486333;0,577004088;0,591749186;0,578743309;0,579149246;0,564196191;0,567504714;0,567538522;0,524609826;0,507912344;0,533059481;0,511745995;0,501204671;0,495966612
SGP;Singapore;0,300714079;0,298811852;0,286601614;0,297726204;0,286643718;0,275844043;0,267360328;0,254917313;0,28338287;0,258208183;0,256791246;0,266686802;0,225115627;0,208952241;0,200268934;0,179088751;0,165233069;0,153685221;0,148765899;0,151537015;0,14921309;0,146200524;0,135806295;0,137083529;0,13582866;0,135690565;0,127212749;0,131575129;0,123657242;0,126478783;0,1286182;0,121414743;0,115713525
SHN;Saint Helena, Ascension and Tristan da Cunha;;;;;;;;;;;;;;;;;;;;;;;;;;;;;;;;;
SLB;Solomon Islands;0,383417576;0,369164793;0,333654127;0,320146992;0,306948208;0,280166011;0,283616349;0,297154454;0,300794097;0,30153766;0,453190064;0,5120777;0,541903372;0,525075979;0,50338806;0,488112184;0,473874593;0,467964156;0,451089907;0,450622776;0,434250999;0,420621822;0,414621111;0,411609561;0,398615474;0,371671947;0,348928131;0,347401523;0,351492898;0,355954482;0,329467513;0,342078564;0,364751483
SLE;Sierra Leone;0,656470609;0,664914923;0,742503581;0,738589575;0,736418289;0,789207508;0,78292685;0,840440638;0,825182248;0,816265465;0,708914079;0,828904643;0,71813095;0,692006918;0,704916654;0,724618996;0,776904139;0,630938235;0,622798005;0,637073962;0,632090934;0,641453236;0,604115473;0,51288838;0,514658414;0,599977965;0,591172041;0,572812693;0,625821667;0,508498179;0,526010176;0,516683775;0,506117437
SLV;El Salvador;0,279088189;0,306161651;0,304200516;0,295779165;0,305110657;0,296900947;0,29360629;0,316802842;0,306562319;0,303038899;0,286914905;0,299262387;0,299024927;0,306003894;0,313596812;0,311989526;0,310537419;0,310309217;0,285031392;0,285194328;0,271635076;0,259906832;0,258243891;0,235705416;0,241529423;0,245572504;0,238533257;0,221392183;0,219731824;0,231617966;0,22591617;0,218197461;0,219559351
SOM;Somalia;1,962176865;1,739413383;1,807784364;1,977602699;2,700233285;2,782403353;2,741786983;2,880380204;2,818677257;2,780820112;2,774129899;2,759390579;2,717578798;2,665408179;2,635952611;2,616624457;2,474353058;2,317591802;2,283129062;2,246863717;2,218218787;2,189443964;2,158873436;2,628924834;2,461737274;2,157608232;2,006696679;1,967448583;1,847913643;1,765983478;1,747059211;1,703730595;1,640837672
SPM;Saint Pierre and Miquelon;;;;;;;;;;;;;;;;;;;;;;;;;;;;;;;;;
STP;São Tomé and Príncipe;0,360537965;0,442808903;0,39486841;0,43630921;0,482672167;0,490053104;0,496123524;0,463959901;0,387523187;0,422851802;0,402684805;0,315446981;0,332902467;0,333167226;0,348878655;0,344904107;0,331740138;0,327327129;0,324611446;0,335455792;0,335372773;0,327270565;0,329498698;0,317654551;0,301221968;0,303605377;0,295591689;0,287400018;0,279682079;0,297274818;0,295069495;0,300447449;0,287543008
SUR;Suriname;0,341592581;0,340948299;0,362704716;0,362426661;0,338736047;0,342697934;0,337599106;0,3086975;0,302137917;0,287475215;0,416508193;0,403016242;0,304084797;0,318393798;0,312560636;0,3332654;0,29789678;0,270398297;0,268825816;0,271941339;0,289955172;0,295911595;0,331555851;0,310906239;0,343252168;0,363366097;0,408729588;0,349691504;0,302451696;0,350273144;0,408882017;0,495656034;0,487959302
SVK;Slovakia;0,923270241;0,938126468;0,971558268;0,920469122;0,829123709;0,784728312;0,744915542;0,697531035;0,657495937;0,647563423;0,609147102;0,597697303;0,566176098;0,542982416;0,51243569;0,483379612;0,443309817;0,395373369;0,374079905;0,363189709;0,358716317;0,33879067;0,318879394;0,31975948;0,292155125;0,283193034;0,283861642;0,289353356;0,274310774;0,254391592;0,251055507;0,263346296;0,252881465
SVN;Slovenia;0,479127704;0,489671957;0,4908786;0,49159348;0,463110478;0,473454062;0,473793411;0,466736748;0,44862596;0,412440442;0,392242792;0,413542094;0,413191978;0,398310811;0,391215136;0,380068195;0,361478202;0,336453362;0,333570539;0,327390742;0,324718112;0,30646213;0,305739912;0,306792404;0,274808649;0,272492528;0,274133454;0,266324292;0,25307863;0,238984175;0,232296473;0,221293424;0,205493968
SWE;Sweden;0,270967844;0,274185922;0,287258383;0,294784045;0,292607438;0,279565548;0,292766871;0,269260831;0,258562636;0,244638436;0,224169125;0,220358963;0,220599747;0,217768666;0,205793366;0,19848421;0,196058404;0,183395645;0,177012414;0,171524802;0,175323981;0,159213041;0,15295616;0,146291511;0,139037366;0,13359197;0,130317094;0,12653949;0,118939581;0,115387018;0,118118352;0,109648767;0,10547734
SWZ;Eswatini;0,797828422;0,807795018;0,749719624;0,650378619;0,798102037;0,756476545;0,688340897;0,676709925;0,647917353;0,672548273;0,608169182;0,580729707;0,561478031;0,545711732;0,533311925;0,499082817;0,460576102;0,452030775;0,437991861;0,424004486;0,365827493;0,341531157;0,325917148;0,33794924;0,336180514;0,333211349;0,338170684;0,326705505;0,32189957;0,321983468;0,324596787;0,305120887;0,308654289
SYC;Seychelles;0,305847522;0,40875362;0,328876823;0,307430133;0,315429238;0,328461285;0,309654982;0,290923197;0,28912625;0,288753205;0,50817797;0,561534697;0,502235868;0,535694279;0,758274658;0,634409859;0,632485593;0,485065224;0,528573526;0,585849778;0,516105551;0,402088334;0,44209862;0,395584437;0,439571977;0,444360262;0,455149718;0,453447425;0,396078134;0,391387783;0,434755992;0,429313448;0,401761551
SYR;Syria;3,719262693;3,797707305;3,327391926;3,269364805;3,219911826;3,121985319;3,152740238;3,161647245;3,082634088;3,15677982;3,168447825;2,80087181;2,504848705;2,579105102;2,452743311;2,667779906;2,595277661;2,562881044;2,445891882;2,247977166;2,177651042;2,485728034;1,933478421;1,354588529;1,222726959;1,629101976;1,746530233;1,903897366;1,929851926;1,85475638;1,913247581;1,94299705;1,997317682
TCA;Turks and Caicos Islands;0,057531067;0,054435717;0,05182156;0,048295515;0,044577931;0,043073399;0,04036694;0,038200344;0,036778639;0,034852951;0,06000782;0,059807175;0,074772636;0,063080648;0,063210352;0,06456456;0,06420384;0,07284885;0,075019616;0,101963009;0,11104107;0,086995086;0,093588176;0,10846985;0,10524324;0,095386285;0,094434079;0,094786745;0,099228034;0,105516288;0,12405791;0,109630322;0,113582122
TCD;Chad;1,860474637;2,778191022;2,680680705;3,274769646;3,131622593;3,242220978;3,291730146;3,229295229;3,186432774;3,375141509;3,555639347;3,350205905;3,257451366;3,03799395;2,486189529;2,237000623;2,325684766;2,367008998;2,400626397;2,419952733;2,257996027;2,370043446;2,318706788;2,315223982;2,278396826;2,404046831;2,703224574;2,946728923;3,043342206;3,105088448;3,311617416;3,512329923;3,588182165
TGO;Togo;0,529056558;0,519770647;0,497710252;0,582857267;0,592146385;0,539667812;0,596828493;0,506739162;0,573422188;0,61968113;0,626281237;0,622152702;0,621178293;0,621097227;0,632746516;0,686639519;0,667394033;0,685269954;0,713360088;0,82282825;0,769010414;0,717141687;0,71216558;0,661464959;0,623311911;0,589982371;0,600952931;0,575451789;0,578843642;0,582407816;0,595640306;0,585213702;0,567317272
THA;Thailand;0,552426007;0,544520463;0,526233732;0,513320641;0,503000623;0,492350734;0,497993946;0,523215521;0,521625644;0,517207533;0,494920125;0,497826714;0,487184849;0,476014807;0,47623319;0,473572162;0,457699354;0,45075945;0,446902437;0,448139897;0,440813114;0,43587117;0,426443915;0,425909065;0,41239094;0,399862313;0,388703299;0,37274795;0,355101896;0,353436823;0,372791234;0,372432693;0,369562371
TJK;Tajikistan;1,032518361;1,140659598;1,321130735;1,212468518;1,269197637;1,379665718;1,488549801;1,486476462;1,427875882;1,357173049;1,309081256;1,140106847;1,113938526;0,943600479;1,029907924;0,924954457;0,913490212;0,946164487;0,802543642;0,727614776;0,676654865;0,628448972;0,631662589;0,598019307;0,622210994;0,617899059;0,616350813;0,635279499;0,635160299;0,620005715;0,608047359;0,588310668;0,554523741
TKM;Turkmenistan;3,262818979;3,184063657;2,737173316;2,825204544;3,218126267;3,454547295;3,138853529;3,020314056;2,991012694;3,243839116;3,543435269;3,483899458;3,793341915;4,159582132;4,164114831;3,746306028;3,513372356;3,354627608;3,036766272;2,328724422;2,343201905;2,306291586;2,168165541;2,001691985;1,804685794;1,752827245;1,619340269;1,505441633;1,421337398;1,348475699;1,384464612;1,311359811;1,27997586
TLS;Timor-Leste;0,388506706;0,40658081;0,358025017;0,336360933;0,339298479;0,321258462;0,299974876;0,27759432;0,317560577;0,488204418;0,503264914;0,480880345;0,507849952;0,615383964;0,815730362;0,91428892;1,749956713;1,726802291;1,736205878;1,404369746;1,241296522;1,265897214;1,313900003;1,247591722;0,960759362;0,943295855;0,810565633;0,803597598;0,814160143;0,628166895;0,409129252;0,386364653;0,451371607
TON;Tonga;0,528676687;0,504380553;0,507056236;0,482884716;0,545570522;0,463727225;0,494183268;0,518164038;0,522326553;0,498998197;0,442255928;0,411207761;0,410730852;0,442128101;0,424604396;0,44366695;0,467778319;0,416716595;0,416209207;0,461747834;0,444856053;0,406072022;0,401133427;0,400673332;0,415726879;0,42047269;0,409555904;0,448863221;0,414467034;0,466287849;0,407871921;0,429587018;0,447675824
TTO;Trinidad and Tobago;1,470783919;1,445674997;1,331829431;1,328221124;1,416681941;1,321255667;1,318600064;1,228487173;1,373545974;1,325726298;1,319811455;1,409102544;1,428060599;1,486546826;1,49288243;1,629125049;1,616197645;1,582936576;1,498789894;1,551121058;1,608634581;1,59980361;1,418777686;1,350673606;1,302617671;1,283052811;1,235467765;1,315495169;1,33332615;1,352307908;1,330721069;1,289618169;1,274630739
TUN;Tunisia;0,500767954;0,503178313;0,488451914;0,4892837;0,470258776;0,468255862;0,45714937;0,445277907;0,445641319;0,441472146;0,436982412;0,434803732;0,425594566;0,40341139;0,397989872;0,397125414;0,391939629;0,374660625;0,371638321;0,36084863;0,369620922;0,360235343;0,362741022;0,352073717;0,356987419;0,356999675;0,346165507;0,338816703;0,331914873;0,32705211;0,344683709;0,384297283;0,381178829
TUR;Türkiye;0,334927626;0,327105086;0,324921006;0,310137836;0,319404453;0,31925529;0,321661779;0,314902319;0,312876539;0,325564149;0,330972346;0,327697882;0,314001411;0,310134432;0,285855774;0,271514653;0,280998886;0,288748214;0,285224766;0,305562209;0,2934808;0,27920542;0,285614701;0,261765362;0,26364061;0,256028831;0,261864356;0,26390343;0,258978871;0,252538864;0,256509419;0,249961142;0,244141298
TWN;Taiwan;0,689100336;0,659463544;0,627452704;0,612888611;0,589540336;0,572204378;0,555378997;0,550188746;0,551581573;0,527929503;0,520790058;0,536114072;0,607292626;0,592388453;0,561368025;0,507052964;0,450706166;0,422620849;0,390353204;0,372486573;0,340558395;0,327693867;0,310014949;0,302616944;0,293738176;0,281582352;0,282205879;0,279323592;0,264226015;0,243815545;0,231056031;0,217772282;0,190680679
TZA;Tanzania;0,914289872;0,908094495;0,911217034;0,930871802;0,939926622;1,016252733;0,940693997;0,903077851;0,911728032;0,945508494;0,928301894;0,891705908;0,872863938;0,850864469;0,817534938;0,793803284;0,767659714;0,722479382;0,714834949;0,68827975;0,685231214;0,684457128;0,68508268;0,686454791;0,656291367;0,641709728;0,606921972;0,578127002;0,559658353;0,559480785;0,557710836;0,553283084;0,536710563
UGA;Uganda;1,16367749;1,144375132;1,137038804;1,078705306;1,006784277;0,932035763;0,875455055;0,856079148;0,845481345;0,803432467;0,798181207;0,780860847;0,746938331;0,728788727;0,70154055;0,690913947;0,647269;0,625221086;0,716159611;0,692903534;0,67321145;0,636460083;0,626225519;0,622240954;0,614950033;0,610792473;0,551803015;0,549404857;0,544343669;0,54087332;0,5420214;0,539214781;0,524029483
UKR;Ukraine;1,116879789;1,15131318;1,139281847;1,176765407;1,287836937;1,428262328;1,371680851;1,355812066;1,31070247;1,304583122;1,21532637;1,115061175;1,066194174;1,044042975;0,882289893;0,832693537;0,773233855;0,733401323;0,694659809;0,697673958;0,706416739;0,716548668;0,700834532;0,685367385;0,670299918;0,626622381;0,624503675;0,557110232;0,565227161;0,529072105;0,529877917;0,485386427;0,549124596
URY;Uruguay;0,855937641;0,879499465;0,864546915;0,860875664;0,805554797;0,825529302;0,813439114;0,743626989;0,703231554;0,737477631;0,712413445;0,732211184;0,810814367;0,826050013;0,832012773;0,777284973;0,785970665;0,720246317;0,743479654;0,703823772;0,607533267;0,595768832;0,583706056;0,542257011;0,531534724;0,538840509;0,533000701;0,513475322;0,508109701;0,511408124;0,539535522;0,525767472;0,501246958
USA;United States;0,610392315;0,606285376;0,595194452;0,591041409;0,577728323;0,56870135;0,562297556;0,561149207;0,540910747;0,516417285;0,507783171;0,497231782;0,477610406;0,469061179;0,457430964;0,442319458;0,423608204;0,420968255;0,409824631;0,392268371;0,396541019;0,378749138;0,356395244;0,357840434;0,351345759;0,335603643;0,323734441;0,313739613;0,313585512;0,299996821;0,281580876;0,280339964;0,279037467
UZB;Uzbekistan;2,373923379;2,380612767;2,537619798;2,616229568;2,718963445;2,556581576;2,557967459;2,432500029;2,573016823;2,447970108;2,487108371;2,464455932;2,513874584;2,271739613;2,142719066;2,018791952;2,003453645;1,777911441;1,732075875;1,464548487;1,469714197;1,399082758;1,240254012;1,146460596;1,02641783;0,937791228;0,932759746;0,916315284;0,908683083;0,88088859;0,835482444;0,813622324;0,789487981
VCT;Saint Vincent and the Grenadines;0,120614354;0,116460038;0,117854218;0,106339135;0,134635725;0,131385213;0,123722368;0,130404106;0,132831213;0,127719437;0,103599385;0,108926508;0,109116646;0,106039707;0,10654983;0,105683633;0,103529272;0,105848271;0,108231159;0,141477745;0,128041612;0,109448121;0,124058183;0,118794664;0,122355163;0,117806938;0,116527079;0,119257328;0,116222337;0,113119461;0,107173309;0,104661919;0,102038382
VEN;Venezuela;0,523037162;0,477974533;0,45758124;0,475648936;0,493348347;0,513609975;0,543388018;0,536162054;0,549080916;0,571212636;0,577212452;0,570592027;0,635498171;0,675090791;0,594766405;0,556472067;0,504528306;0,463302805;0,458868713;0,471604387;0,489068774;0,464095525;0,487412495;0,478577534;0,494000792;0,492408629;0,558850053;0,623456702;0,720401144;0,869546455;0,974279408;1,043555033;1,02433461
VGB;British Virgin Islands;0,106189875;0,072804311;0,06843894;0,053619361;0,03708723;0,030861106;0,035493652;0,028326426;0,036413524;0,035839446;0,031849909;0,026713575;0,027608434;0,036498757;0,047666585;0,040318138;0,039608446;0,05057429;0,059627945;0,069797775;0,09039038;0,057192058;0,080742515;0,078201768;0,07373615;0,076008283;0,078164063;0,067565527;0,088259355;0,07723869;0,071339075;0,066925156;0,061088889
VNM;Vietnam;0,79741436;0,781658144;0,739850203;0,719244397;0,695512196;0,671438441;0,647969348;0,623671003;0,625780206;0,61772673;0,599824895;0,581026217;0,591864442;0,578652242;0,60057252;0,589420249;0,566165203;0,558410959;0,551383939;0,561327079;0,558694813;0,528654902;0,501021872;0,48838895;0,482345376;0,480020406;0,477188189;0,453949376;0,483175327;0,50286321;0,49450821;0,479510603;0,43713962
VUT;Vanuatu;1,145853176;1,120321836;1,044645266;1,090816303;1,017561378;1,010036281;1,001493517;0,969984794;0,972213235;0,987000032;0,975964491;0,990455605;1,040512643;1,057470744;0,982873086;0,949874068;0,87559892;1,038200069;0,989623673;0,944530093;0,961763458;0,980576606;0,929791525;0,930009404;0,937053218;0,848725769;0,722807599;0,725007678;0,765495264;0,716139515;0,687751551;0,669924127;0,643676438
WSM;Samoa;0,490754327;0,50381961;0,4769658;0,481533505;0,508567608;0,466480496;0,441892186;0,45070544;0,451427113;0,436957616;0,518204525;0,512198194;0,490448489;0,474825677;0,457984008;0,437620646;0,428475255;0,425907565;0,415168515;0,435501864;0,431772228;0,427325848;0,448068688;0,458639492;0,463555924;0,497803012;0,466566831;0,457544971;0,458778697;0,444915216;0,416535875;0,452634655;0,482003951
YEM;Yemen;0,425808234;0,442103602;0,423023534;0,407565756;0,42527838;0,413687287;0,410904077;0,417029578;0,408397771;0,434846141;0,447179453;0,444116258;0,432157197;0,48000439;0,474302125;0,496810428;0,531028234;0,538370026;0,514038831;0,529035295;0,50208998;0,530079905;0,477933871;0,552461823;0,524452226;0,319286789;0,271930378;0,280931496;0,300381753;0,307115657;0,289634764;0,303543444;0,315062946
ZAF;South Africa;0,994034062;0,98591864;0,992754923;0,990669645;0,975924293;0,990708504;0,98170737;0,999474526;1,010390106;0,950153582;0,921529024;0,91872149;0,913537225;0,937482469;0,955326993;0,927667601;0,885052044;0,872552303;0,889101344;0,856150662;0,843182275;0,790972695;0,799757611;0,797023838;0,803620142;0,760450491;0,755817109;0,762840143;0,755159187;0,759524954;0,731773238;0,693720056;0,66255767
ZMB;Zambia;0,925314312;0,937673825;0,95748608;0,879860775;0,920463589;0,875677483;0,800475721;0,83240237;0,846888948;0,812399064;0,769781318;0,750051256;0,710752984;0,674291716;0,636640305;0,618278637;0,583343014;0,52095135;0,488056021;0,49350986;0,471765276;0,44374729;0,482384913;0,476141783;0,467348851;0,45695116;0,450698635;0,463805512;0,46516269;0,462125802;0,480489107;0,470963934;0,459408143
ZWE;Zimbabwe;1,288802642;1,221624206;1,379361152;1,197152654;1,066501416;1,06181427;1,007403141;0,952292772;0,952494772;1,058100865;1,03620434;1,02725975;1,041162635;1,1250441;1,159652268;1,289253915;1,28628118;1,336528324;1,471556173;1,351184817;1,251225659;1,187530776;1,053820023;1,040875758;0,956032125;0,96511388;0,897992699;0,848206294;0,865818786;0,892862948;0,908733056;0,872782426;0,863093299
;;;;;;;;;;;;;;;;;;;;;;;;;;;;;;;;;;
EU27;EU27;0,405398308;0,395919378;0,378560009;0,37357966;0,362800209;0,356646279;0,357906825;0,343140895;0,329444382;0,315002321;0,303845461;0,299443583;0,294955914;0,297369042;0,289717894;0,281790465;0,271942295;0,260959966;0,252593651;0,246555394;0,24830342;0,237609668;0,23574905;0,230969334;0,218689956;0,216487971;0,212424661;0,207590699;0,19880856;0,187042278;0,183068552;0,183073581;0,175190509
;;;;;;;;;;;;;;;;;;;;;;;;;;;;;;;;;;
GLOBAL TOTAL;GLOBAL TOTAL;0,640590396;0,635552315;0,624802641;0,617023068;0,606444338;0,603709568;0,592676837;0,577860667;0,565322406;0,550146025;0,538881517;0,531211642;0,524380913;0,526687763;0,521596479;0,514938875;0,503856615;0,493686581;0,483691971;0,482605378;0,482564398;0,478765097;0,470190409;0,463025561;0,451265278;0,435933368;0,424391244;0,416283221;0,411362872;0,401473556;0,398628048;0,393449958;0,385734009
