date,crv_token_holders
2020-08-12,1.00
2020-08-13,603.00
2020-08-14,3779.00
2020-08-15,4205.00
2020-08-16,4596.00
2020-08-17,4928.00
2020-08-18,5175.00
2020-08-19,5462.00
2020-08-20,5621.00
2020-08-21,5835.00
2020-08-22,5990.00
2020-08-23,6129.00
2020-08-24,6314.00
2020-08-25,6455.00
2020-08-26,6696.00
2020-08-27,6897.00
2020-08-28,7033.00
2020-08-29,7141.00
2020-08-30,7381.00
2020-08-31,7785.00
2020-09-01,8428.00
2020-09-02,8434.00
2020-09-03,8556.00
2020-09-04,8641.00
2020-09-05,8816.00
2020-09-06,8943.00
2020-09-07,9053.00
2020-09-08,9150.00
2020-09-09,9335.00
2020-09-10,9427.00
2020-09-11,9464.00
2020-09-12,9522.00
2020-09-13,9595.00
2020-09-14,9646.00
2020-09-15,9725.00
2020-09-16,9805.00
2020-09-17,9914.00
2020-09-18,9998.00
2020-09-19,10208.00
2020-09-20,10394.00
2020-09-21,10450.00
2020-09-22,10532.00
2020-09-23,10570.00
2020-09-24,10638.00
2020-09-25,10711.00
2020-09-26,10879.00
2020-09-27,11011.00
2020-09-28,11123.00
2020-09-29,11201.00
2020-09-30,11241.00
2020-10-01,11308.00
2020-10-02,11401.00
2020-10-03,11447.00
2020-10-04,11482.00
2020-10-05,11537.00
2020-10-06,11577.00
2020-10-07,11647.00
2020-10-08,11722.00
2020-10-09,11788.00
2020-10-10,11833.00
2020-10-11,11893.00
2020-10-12,11902.00
2020-10-13,11931.00
2020-10-14,11981.00
2020-10-15,12012.00
2020-10-16,12041.00
2020-10-17,12119.00
2020-10-18,12181.00
2020-10-19,12178.00
2020-10-20,12215.00
2020-10-21,12292.00
2020-10-22,12368.00
2020-10-23,12390.00
2020-10-24,12445.00
2020-10-25,12440.00
2020-10-26,12531.00
2020-10-27,12617.00
2020-10-28,12635.00
2020-10-29,12683.00
2020-10-30,12719.00
2020-10-31,12726.00
2020-11-01,12742.00
2020-11-02,12805.00
2020-11-03,12854.00
2020-11-04,12890.00
2020-11-05,12944.00
2020-11-06,12984.00
2020-11-07,12542.00
2020-11-08,12576.00
2020-11-09,12621.00
2020-11-10,12709.00
2020-11-11,12756.00
2020-11-12,12759.00
2020-11-13,12854.00
2020-11-14,12981.00
2020-11-15,13099.00
2020-11-16,13183.00
2020-11-17,13257.00
2020-11-18,13280.00
2020-11-19,13352.00
2020-11-20,13445.00
2020-11-21,13455.00
2020-11-22,13464.00
2020-11-23,13470.00
2020-11-24,13629.00
2020-11-25,13680.00
2020-11-26,13777.00
2020-11-27,13864.00
2020-11-28,13922.00
2020-11-29,14009.00
2020-11-30,14063.00
2020-12-01,14109.00
2020-12-02,14180.00
2020-12-03,14275.00
2020-12-04,14264.00
2020-12-05,14308.00
2020-12-06,14258.00
2020-12-07,14301.00
2020-12-08,14303.00
2020-12-09,14338.00
2020-12-10,14384.00
2020-12-11,14412.00
2020-12-12,14439.00
2020-12-13,14496.00
2020-12-14,14536.00
2020-12-15,14529.00
2020-12-16,14561.00
2020-12-17,14762.00
2020-12-18,14995.00
2020-12-19,15104.00
2020-12-20,15216.00
2020-12-21,15290.00
2020-12-22,15357.00
2020-12-23,15470.00
2020-12-24,15622.00
2020-12-25,15764.00
2020-12-26,15874.00
2020-12-27,15955.00
2020-12-28,16044.00
2020-12-29,16163.00
2020-12-30,15104.00
2020-12-31,15182.00
2021-01-01,15201.00
2021-01-02,15206.00
2021-01-03,15297.00
2021-01-04,15401.00
2021-01-05,15547.00
2021-01-06,15589.00
2021-01-07,15627.00
2021-01-08,15622.00
2021-01-09,15736.00
2021-01-10,15819.00
2021-01-11,15862.00
2021-01-12,15948.00
2021-01-13,16043.00
2021-01-14,16181.00
2021-01-15,16409.00
2021-01-16,16628.00
2021-01-17,16962.00
2021-01-18,17190.00
2021-01-19,17243.00
2021-01-20,17421.00
2021-01-21,17645.00
2021-01-22,17875.00
2021-01-23,18132.00
2021-01-24,18362.00
2021-01-25,18450.00
2021-01-26,18726.00
2021-01-27,18875.00
2021-01-28,19089.00
2021-01-29,19237.00
2021-01-30,19525.00
2021-01-31,19803.00
2021-02-01,20040.00
2021-02-02,20205.00
2021-02-03,20241.00
2021-02-04,20575.00
2021-02-05,20868.00
2021-02-06,20747.00
2021-02-07,20916.00
2021-02-08,21116.00
2021-02-09,21256.00
2021-02-10,21500.00
2021-02-11,21677.00
2021-02-12,21808.00
2021-02-13,22026.00
2021-02-14,22123.00
2021-02-15,22271.00
2021-02-16,22372.00
2021-02-17,22484.00
2021-02-18,22652.00
2021-02-19,22722.00
2021-02-20,22899.00
2021-02-21,23098.00
2021-02-22,23271.00
2021-02-23,23382.00
2021-02-24,23465.00
2021-02-25,23578.00
2021-02-26,23756.00
2021-02-27,23848.00
2021-02-28,23729.00
2021-03-01,23853.00
2021-03-02,23965.00
2021-03-03,24101.00
2021-03-04,24187.00
2021-03-05,24233.00
2021-03-06,24343.00
2021-03-07,24424.00
2021-03-08,24579.00
2021-03-09,24759.00
2021-03-10,24835.00
2021-03-11,24893.00
2021-03-12,24939.00
2021-03-13,25031.00
2021-03-14,25126.00
2021-03-15,25204.00
2021-03-16,25240.00
2021-03-17,25309.00
2021-03-18,25412.00
2021-03-19,25463.00
2021-03-20,25549.00
2021-03-21,25540.00
2021-03-22,25562.00
2021-03-23,25791.00
2021-03-24,26076.00
2021-03-25,26091.00
2021-03-26,26167.00
2021-03-27,26414.00
2021-03-28,26551.00
2021-03-29,26713.00
2021-03-30,26844.00
2021-03-31,26931.00
2021-04-01,27075.00
2021-04-02,27164.00
2021-04-03,27337.00
2021-04-04,27620.00
2021-04-05,27725.00
2021-04-06,27845.00
2021-04-07,27917.00
2021-04-08,28009.00
2021-04-09,28098.00
2021-04-10,28147.00
2021-04-11,28303.00
2021-04-12,28401.00
2021-04-13,28527.00
2021-04-14,28633.00
2021-04-15,28834.00
2021-04-16,29046.00
2021-04-17,29223.00
2021-04-18,29423.00
2021-04-19,29553.00
2021-04-20,29671.00
2021-04-21,29727.00
2021-04-22,29844.00
2021-04-23,30009.00
2021-04-24,30153.00
2021-04-25,30471.00
2021-04-26,30588.00
2021-04-27,30748.00
2021-04-28,29796.00
2021-04-29,29937.00
2021-04-30,30008.00
2021-05-01,30081.00
2021-05-02,30148.00
2021-05-03,30218.00
2021-05-04,30321.00
2021-05-05,30462.00
2021-05-06,30578.00
2021-05-07,30769.00
2021-05-08,30907.00
2021-05-09,30947.00
2021-05-10,31054.00
2021-05-11,31154.00
2021-05-12,31279.00
2021-05-13,31416.00
2021-05-14,31526.00
2021-05-15,31620.00
2021-05-16,31725.00
2021-05-17,31810.00
2021-05-18,31999.00
2021-05-19,32135.00
2021-05-20,32212.00
2021-05-21,32386.00
2021-05-22,32529.00
2021-05-23,32609.00
2021-05-24,32715.00
2021-05-25,32799.00
2021-05-26,32925.00
2021-05-27,33060.00
2021-05-28,33096.00
2021-05-29,33195.00
2021-05-30,33245.00
2021-05-31,33297.00
2021-06-01,33339.00
2021-06-02,33597.00
2021-06-03,33728.00
2021-06-04,34075.00
2021-06-05,34372.00
2021-06-06,34627.00
2021-06-07,34846.00
2021-06-08,35006.00
2021-06-09,35053.00
2021-06-10,35197.00
2021-06-11,35264.00
2021-06-12,35332.00
2021-06-13,35457.00
2021-06-14,35558.00
2021-06-15,35681.00
2021-06-16,35757.00
2021-06-17,35829.00
2021-06-18,35924.00
2021-06-19,35990.00
2021-06-20,36069.00
2021-06-21,36063.00
2021-06-22,36174.00
2021-06-23,36253.00
2021-06-24,36346.00
2021-06-25,36447.00
2021-06-26,36483.00
2021-06-27,36631.00
2021-06-28,36768.00
2021-06-29,36923.00
2021-06-30,36992.00
2021-07-01,37086.00
2021-07-02,37150.00
2021-07-03,37204.00
2021-07-04,37261.00
2021-07-05,37312.00
2021-07-06,37448.00
2021-07-07,37565.00
2021-07-08,37704.00
2021-07-09,37802.00
2021-07-10,37898.00
2021-07-11,38053.00
2021-07-12,38118.00
2021-07-13,38157.00
2021-07-14,38229.00
2021-07-15,38304.00
2021-07-16,38403.00
2021-07-17,38479.00
2021-07-18,38597.00
2021-07-19,38655.00
2021-07-20,38710.00
2021-07-21,38799.00
2021-07-22,38909.00
2021-07-23,38970.00
2021-07-24,39043.00
2021-07-25,39085.00
2021-07-26,39191.00
2021-07-27,39309.00
2021-07-28,39363.00
2021-07-29,39427.00
2021-07-30,39555.00
2021-07-31,39667.00
2021-08-01,39780.00
2021-08-02,39886.00
2021-08-03,39997.00
2021-08-04,40058.00
2021-08-05,40124.00
2021-08-06,40196.00
2021-08-07,40287.00
2021-08-08,40368.00
2021-08-09,40443.00
2021-08-10,40537.00
2021-08-11,40656.00
2021-08-12,40767.00
2021-08-13,40867.00
2021-08-14,41042.00
2021-08-15,41088.00
2021-08-16,41162.00
2021-08-17,41243.00
2021-08-18,41310.00
2021-08-19,41445.00
2021-08-20,41598.00
2021-08-21,41773.00
2021-08-22,41896.00
2021-08-23,42036.00
2021-08-24,42114.00
2021-08-25,42168.00
2021-08-26,42240.00
2021-08-27,42271.00
2021-08-28,42307.00
2021-08-29,42331.00
2021-08-30,42388.00
2021-08-31,42602.00
2021-09-01,42700.00
2021-09-02,42729.00
2021-09-03,42615.00
2021-09-04,42617.00
2021-09-05,42661.00
2021-09-06,42773.00
2021-09-07,42871.00
2021-09-08,42932.00
2021-09-09,43122.00
2021-09-10,43194.00
2021-09-11,43315.00
2021-09-12,43330.00
2021-09-13,43420.00
2021-09-14,43531.00
2021-09-15,43638.00
2021-09-16,44065.00
2021-09-17,44233.00
2021-09-18,44349.00
2021-09-19,44463.00
2021-09-20,44573.00
2021-09-21,44680.00
2021-09-22,44759.00
2021-09-23,44876.00
2021-09-24,44975.00
2021-09-25,45073.00
2021-09-26,45562.00
2021-09-27,45833.00
2021-09-28,46038.00
2021-09-29,46175.00
2021-09-30,46336.00
2021-10-01,46462.00
2021-10-02,46610.00
2021-10-03,46777.00
2021-10-04,46878.00
2021-10-05,46983.00
2021-10-06,47085.00
2021-10-07,47199.00
2021-10-08,47331.00
2021-10-09,47374.00
2021-10-10,47491.00
2021-10-11,47618.00
2021-10-12,47738.00
2021-10-13,47836.00
2021-10-14,47966.00
2021-10-15,48048.00
2021-10-16,48106.00
2021-10-17,48159.00
2021-10-18,48239.00
2021-10-19,48375.00
2021-10-20,48534.00
2021-10-21,48638.00
2021-10-22,48794.00
2021-10-23,48940.00
2021-10-24,49020.00
2021-10-25,49226.00
2021-10-26,49252.00
2021-10-27,49430.00
2021-10-28,49699.00
2021-10-29,49868.00
2021-10-30,50027.00
2021-10-31,50121.00
2021-11-01,50236.00
2021-11-02,50317.00
2021-11-03,50395.00
2021-11-04,50481.00
2021-11-05,50571.00
2021-11-06,50603.00
2021-11-07,50719.00
2021-11-08,50820.00
2021-11-09,50937.00
2021-11-10,51013.00
2021-11-11,51154.00
2021-11-12,51217.00
2021-11-13,51272.00
2021-11-14,51311.00
2021-11-15,51421.00
2021-11-16,51489.00
2021-11-17,51632.00
2021-11-18,51800.00
2021-11-19,51903.00
2021-11-20,52039.00
2021-11-21,52091.00
2021-11-22,52203.00
2021-11-23,52474.00
2021-11-24,52646.00
2021-11-25,52728.00
2021-11-26,52857.00
2021-11-27,52977.00
2021-11-28,53122.00
2021-11-29,53213.00
2021-11-30,53312.00
2021-12-01,53438.00
2021-12-02,53554.00
2021-12-03,53688.00
2021-12-04,54300.00
2021-12-05,55003.00
2021-12-06,55085.00
2021-12-07,55255.00
2021-12-08,55335.00
2021-12-09,55537.00
2021-12-10,55709.00
2021-12-11,55853.00
2021-12-12,56103.00
2021-12-13,56331.00
2021-12-14,56409.00
2021-12-15,56700.00
2021-12-16,56931.00
2021-12-17,57303.00
2021-12-18,57543.00
2021-12-19,57637.00
2021-12-20,57707.00
2021-12-21,57860.00
2021-12-22,57927.00
2021-12-23,58059.00
2021-12-24,58115.00
2021-12-25,58270.00
2021-12-26,58391.00
2021-12-27,58525.00
2021-12-28,58677.00
2021-12-29,58832.00
2021-12-30,58938.00
2021-12-31,59153.00
2022-01-01,59373.00
2022-01-02,59597.00
2022-01-03,59866.00
2022-01-04,60096.00
2022-01-05,60293.00
2022-01-06,60475.00
2022-01-07,60593.00
2022-01-08,60721.00
2022-01-09,60868.00
2022-01-10,60977.00
2022-01-11,61051.00
2022-01-12,61185.00
2022-01-13,61287.00
2022-01-14,61398.00
2022-01-15,61540.00
2022-01-16,61660.00
2022-01-17,61751.00
2022-01-18,61876.00
2022-01-19,61944.00
2022-01-20,62077.00
2022-01-21,62168.00
2022-01-22,62245.00
2022-01-23,62322.00
2022-01-24,62412.00
2022-01-25,62457.00
2022-01-26,62481.00
2022-01-27,62621.00
2022-01-28,62829.00
2022-01-29,62979.00
2022-01-30,63129.00
2022-01-31,63213.00
2022-02-01,63357.00
2022-02-02,63411.00
2022-02-03,63555.00
2022-02-04,63631.00
2022-02-05,63773.00
2022-02-06,63866.00
2022-02-07,63950.00
2022-02-08,64093.00
2022-02-09,64218.00
2022-02-10,64338.00
2022-02-11,64407.00
2022-02-12,64500.00
2022-02-13,64618.00
2022-02-14,64794.00
2022-02-15,64890.00
2022-02-16,64940.00
2022-02-17,65006.00
2022-02-18,65086.00
2022-02-19,65208.00
2022-02-20,65273.00
2022-02-21,65358.00
2022-02-22,65426.00
2022-02-23,65550.00
2022-02-24,65678.00
2022-02-25,65804.00
2022-02-26,65938.00
2022-02-27,66027.00
2022-02-28,66158.00
2022-03-01,66318.00
2022-03-02,66430.00
2022-03-03,66563.00
2022-03-04,66686.00
2022-03-05,66773.00
2022-03-06,66830.00
2022-03-07,66916.00
2022-03-08,66686.00
2022-03-09,66685.00
2022-03-10,66771.00
2022-03-11,66826.00
2022-03-12,66876.00
2022-03-13,66921.00
2022-03-14,66992.00
2022-03-15,67083.00
2022-03-16,67151.00
2022-03-17,67215.00
2022-03-18,67305.00
2022-03-19,67351.00
2022-03-20,67403.00
2022-03-21,67476.00
2022-03-22,67560.00
2022-03-23,67598.00
2022-03-24,67690.00
2022-03-25,67685.00
2022-03-26,67722.00
2022-03-27,67804.00
2022-03-28,67878.00
2022-03-29,67996.00
2022-03-30,68085.00
2022-03-31,68174.00
2022-04-01,68223.00
2022-04-02,68306.00
2022-04-03,68400.00
2022-04-04,68483.00
2022-04-05,68531.00
2022-04-06,68570.00
2022-04-07,68685.00
2022-04-08,68731.00
2022-04-09,68776.00
2022-04-10,68902.00
2022-04-11,68958.00
2022-04-12,69016.00
2022-04-13,69063.00
2022-04-14,69112.00
2022-04-15,69152.00
2022-04-16,69186.00
2022-04-17,69272.00
2022-04-18,69345.00
2022-04-19,69379.00
2022-04-20,69421.00
2022-04-21,69502.00
2022-04-22,69616.00
2022-04-23,69683.00
2022-04-24,69674.00
2022-04-25,69687.00
2022-04-26,69726.00
2022-04-27,69810.00
2022-04-28,69863.00
2022-04-29,69886.00
2022-04-30,69930.00
2022-05-01,69975.00
2022-05-02,70049.00
2022-05-03,70059.00
2022-05-04,70109.00
2022-05-05,70158.00
2022-05-06,70210.00
2022-05-07,70238.00
2022-05-08,70318.00
2022-05-09,70416.00
2022-05-10,70472.00
2022-05-11,70626.00
2022-05-12,70791.00
2022-05-13,70872.00
2022-05-14,71008.00
2022-05-15,71120.00
2022-05-16,71176.00
2022-05-17,71200.00
2022-05-18,71246.00
2022-05-19,71408.00
2022-05-20,71504.00
2022-05-21,71570.00
2022-05-22,71657.00
2022-05-23,71734.00
2022-05-24,71796.00
2022-05-25,71831.00
2022-05-26,71890.00
2022-05-27,71904.00
2022-05-28,71968.00
2022-05-29,72014.00
2022-05-30,72060.00
2022-05-31,72021.00
2022-06-01,72057.00
2022-06-02,72100.00
2022-06-03,72131.00
2022-06-04,72152.00
2022-06-05,72191.00
2022-06-06,72214.00
2022-06-07,72232.00
2022-06-08,72253.00
2022-06-09,72271.00
2022-06-10,72317.00
2022-06-11,72375.00
2022-06-12,72439.00
2022-06-13,72598.00
2022-06-14,72649.00
2022-06-15,72747.00
2022-06-16,72803.00
2022-06-17,72873.00
2022-06-18,72985.00
2022-06-19,73039.00
2022-06-20,73083.00
2022-06-21,73132.00
2022-06-22,73197.00
2022-06-23,73264.00
2022-06-24,73304.00
2022-06-25,73372.00
2022-06-26,73399.00
2022-06-27,73445.00
2022-06-28,73471.00
2022-06-29,73531.00
2022-06-30,73569.00
2022-07-01,73648.00
2022-07-02,73826.00
2022-07-03,73900.00
2022-07-04,73978.00
2022-07-05,74100.00
2022-07-06,74200.00
2022-07-07,74318.00
2022-07-08,74387.00
2022-07-09,74473.00
2022-07-10,74585.00
2022-07-11,74654.00
2022-07-12,74536.00
2022-07-13,74661.00
2022-07-14,74721.00
2022-07-15,74796.00
2022-07-16,74890.00
2022-07-17,74978.00
2022-07-18,75045.00
2022-07-19,75103.00
2022-07-20,75230.00
2022-07-21,75338.00
2022-07-22,75480.00
2022-07-23,75576.00
2022-07-24,75664.00
2022-07-25,75662.00
2022-07-26,75717.00
2022-07-27,75780.00
2022-07-28,75854.00
2022-07-29,75890.00
2022-07-30,75932.00
2022-07-31,76014.00
2022-08-01,76055.00
2022-08-02,76128.00
2022-08-03,76166.00
2022-08-04,76224.00
2022-08-05,76277.00
2022-08-06,76339.00
2022-08-07,76370.00
2022-08-08,76432.00
2022-08-09,76474.00
2022-08-10,76524.00
2022-08-11,76559.00
2022-08-12,76609.00
2022-08-13,76691.00
2022-08-14,76717.00
2022-08-15,76749.00
2022-08-16,76768.00
2022-08-17,76837.00
2022-08-18,76832.00
2022-08-19,76874.00
2022-08-20,76893.00
2022-08-21,76950.00
2022-08-22,77011.00
2022-08-23,77037.00
2022-08-24,77074.00
2022-08-25,77134.00
2022-08-26,77171.00
2022-08-27,77199.00
2022-08-28,77214.00
2022-08-29,77284.00
2022-08-30,77313.00
2022-08-31,77368.00
2022-09-01,77436.00
2022-09-02,77467.00
2022-09-03,77522.00
2022-09-04,77566.00
2022-09-05,77608.00
2022-09-06,77665.00
2022-09-07,77689.00
2022-09-08,77694.00
2022-09-09,77724.00
2022-09-10,77755.00
2022-09-11,77814.00
2022-09-12,77831.00
2022-09-13,77847.00
2022-09-14,77873.00
2022-09-15,77943.00
2022-09-16,77966.00
2022-09-17,77998.00
2022-09-18,78049.00
2022-09-19,78124.00
2022-09-20,78155.00
2022-09-21,78209.00
2022-09-22,78256.00
2022-09-23,78312.00
2022-09-24,78331.00
2022-09-25,78367.00
2022-09-26,78396.00
2022-09-27,78453.00
2022-09-28,78496.00
2022-09-29,78572.00
2022-09-30,78605.00
2022-10-01,78678.00
2022-10-02,78764.00
2022-10-03,78784.00
2022-10-04,78850.00
2022-10-05,78886.00
2022-10-06,79049.00
2022-10-07,79127.00
2022-10-08,79207.00
2022-10-09,79232.00
2022-10-10,79287.00
2022-10-11,79336.00
2022-10-12,79361.00
2022-10-13,79419.00
2022-10-14,79449.00
2022-10-15,79468.00
2022-10-16,79504.00
2022-10-17,79587.00
2022-10-18,79613.00
2022-10-19,79659.00
2022-10-20,79733.00
2022-10-21,79768.00
2022-10-22,79810.00
2022-10-23,79878.00
2022-10-24,79895.00
2022-10-25,79936.00
2022-10-26,79982.00
2022-10-27,80014.00
2022-10-28,80001.00
2022-10-29,80094.00
2022-10-30,80210.00
2022-10-31,80285.00
2022-11-01,80335.00
2022-11-02,80368.00
2022-11-03,80446.00
2022-11-04,80524.00
2022-11-05,80571.00
2022-11-06,80667.00
2022-11-07,80854.00
2022-11-08,81041.00
2022-11-09,81259.00
2022-11-10,81434.00
2022-11-11,81744.00
2022-11-12,82123.00
2022-11-13,82838.00
2022-11-14,83260.00
2022-11-15,83523.00
2022-11-16,83777.00
2022-11-17,84112.00
2022-11-18,84403.00
2022-11-19,84591.00
2022-11-20,84708.00
2022-11-21,84853.00
2022-11-22,85222.00
2022-11-23,83939.00
2022-11-24,83964.00
2022-11-25,84067.00
2022-11-26,84214.00
2022-11-27,84105.00
2022-11-28,84242.00
2022-11-29,84407.00
2022-11-30,84575.00
2022-12-01,84755.00
2022-12-02,84871.00
2022-12-03,85000.00
2022-12-04,85148.00
2022-12-05,85243.00
2022-12-06,85330.00
2022-12-07,85430.00
2022-12-08,85513.00
2022-12-09,85531.00
2022-12-10,85568.00
2022-12-11,85641.00
2022-12-12,85794.00
2022-12-13,86245.00
2022-12-14,86478.00
2022-12-15,86642.00
2022-12-16,86842.00
2022-12-17,87083.00
2022-12-18,87218.00
2022-12-19,87360.00
2022-12-20,87501.00
2022-12-21,87648.00
2022-12-22,87771.00
2022-12-23,87881.00
2022-12-24,87990.00
2022-12-25,88149.00
2022-12-26,88246.00
2022-12-27,88299.00
2022-12-28,88370.00
2022-12-29,88413.00
2022-12-30,88454.00
2022-12-31,88493.00
2023-01-01,88544.00
2023-01-02,88601.00
2023-01-03,88673.00
2023-01-04,88704.00
2023-01-05,88760.00
2023-01-06,88840.00
2023-01-07,88899.00
2023-01-08,88965.00
2023-01-09,88995.00
2023-01-10,89065.00
2023-01-11,89108.00
2023-01-12,89189.00
2023-01-13,89274.00
2023-01-14,89328.00
2023-01-15,89373.00
2023-01-16,89431.00
2023-01-17,89497.00
2023-01-18,89504.00
2023-01-19,89595.00
2023-01-20,89694.00
2023-01-21,89812.00
2023-01-22,89785.00
2023-01-23,89833.00
2023-01-24,89931.00
2023-01-25,89985.00
2023-01-26,90092.00
2023-01-27,90163.00
2023-01-28,90194.00
2023-01-29,90260.00
2023-01-30,90306.00
2023-01-31,90364.00
2023-02-01,90451.00
2023-02-02,90522.00
2023-02-03,90572.00
2023-02-04,90648.00
2023-02-05,90714.00
2023-02-06,90774.00
2023-02-07,90870.00
2023-02-08,90897.00
2023-02-09,90977.00
2023-02-10,90998.00
2023-02-11,91074.00
2023-02-12,91133.00
2023-02-13,90716.00
2023-02-14,90827.00
2023-02-15,90927.00
2023-02-16,91030.00
2023-02-17,91084.00
2023-02-18,91156.00
2023-02-19,91186.00
2023-02-20,88994.00
2023-02-21,87085.00
2023-02-22,84546.00
2023-02-23,80585.00
2023-02-24,76535.00
2023-02-25,76301.00
2023-02-26,76245.00
2023-02-27,76220.00
2023-02-28,76245.00
2023-03-01,76252.00
2023-03-02,76259.00
2023-03-03,76223.00
2023-03-04,76226.00
2023-03-05,76247.00
2023-03-06,76225.00
2023-03-07,76255.00
2023-03-08,76296.00
2023-03-09,76351.00
2023-03-10,76426.00
2023-03-11,76551.00
2023-03-12,76598.00
2023-03-13,76553.00
2023-03-14,76598.00
2023-03-15,76627.00
2023-03-16,76631.00
2023-03-17,76632.00
2023-03-18,76681.00
2023-03-19,76734.00
2023-03-20,76768.00
2023-03-21,76824.00
2023-03-22,76860.00
2023-03-23,76900.00
2023-03-24,76946.00
2023-03-25,76984.00
2023-03-26,76998.00
2023-03-27,77101.00
2023-03-28,77189.00
2023-03-29,77259.00
2023-03-30,77280.00
2023-03-31,77297.00
2023-04-01,77342.00
2023-04-02,77395.00
2023-04-03,77447.00
2023-04-04,77501.00
2023-04-05,77520.00
2023-04-06,77547.00
2023-04-07,77566.00
2023-04-08,77616.00
2023-04-09,77632.00
2023-04-10,77654.00
2023-04-11,77700.00
2023-04-12,77711.00
2023-04-13,77736.00
2023-04-14,77770.00
2023-04-15,77821.00
2023-04-16,77838.00
2023-04-17,77850.00
2023-04-18,77891.00
2023-04-19,77934.00
2023-04-20,77938.00
2023-04-21,77956.00
2023-04-22,77987.00
2023-04-23,78012.00
2023-04-24,78033.00
2023-04-25,78060.00
2023-04-26,78060.00
2023-04-27,78039.00
2023-04-28,78051.00
2023-04-29,78061.00
2023-04-30,78065.00
2023-05-01,78081.00
2023-05-02,78098.00
2023-05-03,78151.00
2023-05-04,78173.00
2023-05-05,78161.00
2023-05-06,78154.00
2023-05-07,78163.00
2023-05-08,78204.00
2023-05-09,78203.00
2023-05-10,78212.00
2023-05-11,78235.00
2023-05-12,78207.00
2023-05-13,78213.00
2023-05-14,78216.00
2023-05-15,78226.00
2023-05-16,78233.00
2023-05-17,78266.00
2023-05-18,78264.00
2023-05-19,78288.00
2023-05-20,78319.00
2023-05-21,78362.00
2023-05-22,78384.00
2023-05-23,78414.00
2023-05-24,78400.00
2023-05-25,78423.00
2023-05-26,78436.00
2023-05-27,78462.00
2023-05-28,78493.00
2023-05-29,78515.00
2023-05-30,78525.00
2023-05-31,78557.00
2023-06-01,78585.00
2023-06-02,78614.00
2023-06-03,78628.00
2023-06-04,78623.00
2023-06-05,78690.00
2023-06-06,78814.00
2023-06-07,79018.00
2023-06-08,79153.00
2023-06-09,78627.00
2023-06-10,78355.00
2023-06-11,78408.00
2023-06-12,78540.00
2023-06-13,78484.00
2023-06-14,78530.00
2023-06-15,78516.00
2023-06-16,78622.00
2023-06-17,78676.00
2023-06-18,78715.00
2023-06-19,78729.00
2023-06-20,78789.00
2023-06-21,78799.00
2023-06-22,78830.00
2023-06-23,78882.00
2023-06-24,78920.00
2023-06-25,78968.00
2023-06-26,79003.00
2023-06-27,79078.00
2023-06-28,79115.00
2023-06-29,79198.00
2023-06-30,79245.00
2023-07-01,79283.00
2023-07-02,79296.00
2023-07-03,79362.00
2023-07-04,79385.00
2023-07-05,79402.00
2023-07-06,79430.00
2023-07-07,79472.00
2023-07-08,79490.00
2023-07-09,79533.00
2023-07-10,79589.00
2023-07-11,79617.00
2023-07-12,79652.00
2023-07-13,79731.00
2023-07-14,79776.00
2023-07-15,79796.00
2023-07-16,79814.00
2023-07-17,79863.00
2023-07-18,79885.00
2023-07-19,79906.00
2023-07-20,79954.00
2023-07-21,80076.00
2023-07-22,80140.00
2023-07-23,80177.00
2023-07-24,80208.00
2023-07-25,80219.00
2023-07-26,80242.00
2023-07-27,80274.00
2023-07-28,80286.00
2023-07-29,80307.00
2023-07-30,80707.00
2023-07-31,78758.00
2023-08-01,78725.00
2023-08-02,78793.00
2023-08-03,78757.00
2023-08-04,78795.00
2023-08-05,78865.00
2023-08-06,78897.00
2023-08-07,78921.00
2023-08-08,78909.00
2023-08-09,78905.00
2023-08-10,78917.00
2023-08-11,78929.00
2023-08-12,78946.00
2023-08-13,78951.00
2023-08-14,78963.00
2023-08-15,78972.00
2023-08-16,78904.00
2023-08-17,78880.00
2023-08-18,78910.00
2023-08-19,78926.00
2023-08-20,78961.00
2023-08-21,79006.00
2023-08-22,79083.00
2023-08-23,79127.00
2023-08-24,79156.00
2023-08-25,79191.00
2023-08-26,79205.00
2023-08-27,79238.00
2023-08-28,79302.00
2023-08-29,79291.00
2023-08-30,79327.00
2023-08-31,79345.00
2023-09-01,79375.00
2023-09-02,79420.00
2023-09-03,79437.00
2023-09-04,79459.00
2023-09-05,79494.00
2023-09-06,79512.00
2023-09-07,79560.00
2023-09-08,79571.00
2023-09-09,79604.00
2023-09-10,79624.00
2023-09-11,79661.00
2023-09-12,79691.00
2023-09-13,79738.00
2023-09-14,79762.00
2023-09-15,79777.00
2023-09-16,79806.00
2023-09-17,79830.00
2023-09-18,79875.00
2023-09-19,79877.00
2023-09-20,79935.00
2023-09-21,79985.00
2023-09-22,79993.00
2023-09-23,80053.00
2023-09-24,80093.00
2023-09-25,80134.00
2023-09-26,80168.00
2023-09-27,80255.00
2023-09-28,80311.00
2023-09-29,80358.00
2023-09-30,80384.00
2023-10-01,80401.00
2023-10-02,80411.00
2023-10-03,80439.00
2023-10-04,80464.00
2023-10-05,80492.00
2023-10-06,80524.00
2023-10-07,80537.00
2023-10-08,80535.00
2023-10-09,80389.00
2023-10-10,80380.00
2023-10-11,80367.00
2023-10-12,80398.00
2023-10-13,80426.00
2023-10-14,80459.00
2023-10-15,80485.00
2023-10-16,80505.00
2023-10-17,80534.00
2023-10-18,80572.00
2023-10-19,80622.00
2023-10-20,80652.00
2023-10-21,80692.00
2023-10-22,80694.00
2023-10-23,80717.00
2023-10-24,80748.00
2023-10-25,80766.00
2023-10-26,80788.00
2023-10-27,80809.00
2023-10-28,80813.00
2023-10-29,80827.00
2023-10-30,80837.00
2023-10-31,80862.00
2023-11-01,80910.00
2023-11-02,81015.00
2023-11-03,81069.00
2023-11-04,81093.00
2023-11-05,81109.00
2023-11-06,81123.00
2023-11-07,81140.00
2023-11-08,81175.00
2023-11-09,81239.00
2023-11-10,81299.00
2023-11-11,81332.00
2023-11-12,81357.00
2023-11-13,81323.00
2023-11-14,81329.00
2023-11-15,81355.00
2023-11-16,81383.00
2023-11-17,81401.00
2023-11-18,81436.00