date,crv_trading_volume
2020-08-14,762184.83
2020-08-15,25022924.78
2020-08-16,155037476.68
2020-08-17,71821858.84
2020-08-18,86120516.31
2020-08-19,78858181.74
2020-08-20,111048100.53
2020-08-21,60370314.67
2020-08-22,52852148.19
2020-08-23,35355625.67
2020-08-24,29082090.97
2020-08-25,53988196.75
2020-08-26,69187311.47
2020-08-27,128881820.00
2020-08-28,131258583.25
2020-08-29,78335579.78
2020-08-30,77418243.49
2020-08-31,122451590.37
2020-09-01,137684182.85
2020-09-02,417153537.36
2020-09-03,238361349.85
2020-09-04,182594915.21
2020-09-05,126410658.08
2020-09-06,106354650.56
2020-09-07,121878714.54
2020-09-08,80001370.62
2020-09-09,58742924.88
2020-09-10,79225663.30
2020-09-11,89914525.31
2020-09-12,74042950.54
2020-09-13,107339493.00
2020-09-14,87449397.22
2020-09-15,59739902.94
2020-09-16,65058596.83
2020-09-17,73286345.86
2020-09-18,58110930.25
2020-09-19,86382862.98
2020-09-20,134545915.71
2020-09-21,137332532.33
2020-09-22,109368286.08
2020-09-23,65216636.28
2020-09-24,52132941.23
2020-09-25,46814118.50
2020-09-26,61851919.71
2020-09-27,75019133.64
2020-09-28,64133528.35
2020-09-29,54733618.53
2020-09-30,40262618.75
2020-10-01,37747206.82
2020-10-02,46535393.18
2020-10-03,49222438.70
2020-10-04,37932637.79
2020-10-05,39058595.70
2020-10-06,46828497.42
2020-10-07,51284036.15
2020-10-08,57182571.48
2020-10-09,53235816.61
2020-10-10,59221388.80
2020-10-11,40789733.53
2020-10-12,31310513.97
2020-10-13,29745132.56
2020-10-14,23822222.27
2020-10-15,40228581.46
2020-10-16,23814239.58
2020-10-17,28069120.32
2020-10-18,23857587.13
2020-10-19,19520044.72
2020-10-20,24165730.17
2020-10-21,27583529.17
2020-10-22,24813546.17
2020-10-23,25585181.89
2020-10-24,20071018.75
2020-10-25,24678957.67
2020-10-26,19538035.04
2020-10-27,53712860.51
2020-10-28,127956129.59
2020-10-29,75601528.00
2020-10-30,50093430.30
2020-10-31,38496336.34
2020-11-01,28467418.45
2020-11-02,18750016.80
2020-11-03,21478798.72
2020-11-04,19478367.54
2020-11-05,16656483.07
2020-11-06,23277831.77
2020-11-07,30397279.66
2020-11-08,57190118.89
2020-11-09,33154509.91
2020-11-10,32479308.67
2020-11-11,55816300.11
2020-11-12,86135810.26
2020-11-13,43991930.40
2020-11-14,73297946.26
2020-11-15,94510085.12
2020-11-16,118471535.31
2020-11-17,89801348.60
2020-11-18,96006536.19
2020-11-19,95681166.85
2020-11-20,85474953.81
2020-11-21,114848965.10
2020-11-22,99324787.26
2020-11-23,104386518.71
2020-11-24,66649398.02
2020-11-25,81245047.15
2020-11-26,70677192.69
2020-11-27,93681874.35
2020-11-28,78257642.71
2020-11-29,44216084.06
2020-11-30,52212457.07
2020-12-01,55250528.00
2020-12-02,87846608.63
2020-12-03,103589949.27
2020-12-04,82556914.15
2020-12-05,72485047.25
2020-12-06,55534501.57
2020-12-07,42602241.78
2020-12-08,46808152.50
2020-12-09,59227862.55
2020-12-10,50519891.97
2020-12-11,34883824.60
2020-12-12,39111499.86
2020-12-13,31817854.07
2020-12-14,37874379.13
2020-12-15,35327501.16
2020-12-16,42946697.35
2020-12-17,44557469.31
2020-12-18,64095685.46
2020-12-19,36710442.09
2020-12-20,43109884.87
2020-12-21,40272539.06
2020-12-22,44388970.84
2020-12-23,46760531.60
2020-12-24,57610151.63
2020-12-25,39540105.89
2020-12-26,46326037.73
2020-12-27,30092848.72
2020-12-28,43812841.74
2020-12-29,32647931.65
2020-12-30,38147449.68
2020-12-31,111636376.16
2021-01-01,78949567.79
2021-01-02,71769002.14
2021-01-03,72017821.24
2021-01-04,74123916.33
2021-01-05,100215416.58
2021-01-06,87111575.89
2021-01-07,105247779.83
2021-01-08,82870816.91
2021-01-09,77631771.58
2021-01-10,87272967.41
2021-01-11,98334190.50
2021-01-12,96224646.86
2021-01-13,59375414.13
2021-01-14,54189003.23
2021-01-15,66378180.47
2021-01-16,484592872.35
2021-01-17,264112433.26
2021-01-18,612064091.44
2021-01-19,292212767.10
2021-01-20,200893614.23
2021-01-21,390138634.89
2021-01-22,546321870.35
2021-01-23,565283061.89
2021-01-24,422971066.43
2021-01-25,391110046.56
2021-01-26,267153448.04
2021-01-27,341578302.16
2021-01-28,264281598.33
2021-01-29,304492443.03
2021-01-30,289743367.97
2021-01-31,492690534.52
2021-02-01,473687985.08
2021-02-02,326383495.62
2021-02-03,266573862.32
2021-02-04,255011088.50
2021-02-05,527536441.57
2021-02-06,400534421.76
2021-02-07,487866943.40
2021-02-08,326161827.37
2021-02-09,308481962.33
2021-02-10,312402342.73
2021-02-11,363197555.66
2021-02-12,376069362.26
2021-02-13,331090935.68
2021-02-14,311507295.94
2021-02-15,250870848.42
2021-02-16,449578746.91
2021-02-17,260673113.61
2021-02-18,230866559.43
2021-02-19,207150191.80
2021-02-20,203163538.65
2021-02-21,545870954.36
2021-02-22,266287004.33
2021-02-23,357979735.10
2021-02-24,426810259.36
2021-02-25,247235588.83
2021-02-26,171468644.57
2021-02-27,189162058.57
2021-02-28,144081961.48
2021-03-01,180027007.45
2021-03-02,146987749.62
2021-03-03,508392362.74
2021-03-04,318810906.08
2021-03-05,234812957.73
2021-03-06,168683898.82
2021-03-07,152199161.25
2021-03-08,206524533.97
2021-03-09,323819319.56
2021-03-10,235332594.29
2021-03-11,202322047.18
2021-03-12,179722327.95
2021-03-13,174134587.91
2021-03-14,225571358.99
2021-03-15,165938302.04
2021-03-16,255473658.26
2021-03-17,338850028.33
2021-03-18,211489765.45
2021-03-19,309235818.80
2021-03-20,243410243.37
2021-03-21,232146791.45
2021-03-22,160695843.96
2021-03-23,195803721.02
2021-03-24,748948875.40
2021-03-25,410759201.83
2021-03-26,446268249.50
2021-03-27,275136748.65
2021-03-28,527059255.83
2021-03-29,558266339.03
2021-03-30,601497812.30
2021-03-31,328866352.98
2021-04-01,301491486.77
2021-04-02,382410884.91
2021-04-03,287027522.45
2021-04-04,299436190.71
2021-04-05,249778290.69
2021-04-06,413051093.36
2021-04-07,287511152.11
2021-04-08,439995142.28
2021-04-09,205987971.41
2021-04-10,187839953.83
2021-04-11,196056553.72
2021-04-12,259470748.66
2021-04-13,246068499.26
2021-04-14,225525720.63
2021-04-15,274900017.79
2021-04-16,839722308.60
2021-04-17,957913838.76
2021-04-18,456120731.64
2021-04-19,823781545.12
2021-04-20,424316389.69
2021-04-21,414016911.70
2021-04-22,287579672.59
2021-04-23,404169935.68
2021-04-24,410973832.62
2021-04-25,173956840.89
2021-04-26,161358552.16
2021-04-27,338944514.21
2021-04-28,411974063.12
2021-04-29,332733409.77
2021-04-30,316017597.18
2021-05-01,340915194.34
2021-05-02,324642101.93
2021-05-03,250318683.51
2021-05-04,268501761.53
2021-05-05,307630595.37
2021-05-06,276236761.85
2021-05-07,472847786.25
2021-05-08,739464922.29
2021-05-09,458806353.83
2021-05-10,305577220.23
2021-05-11,450138581.55
2021-05-12,328316207.42
2021-05-13,947560341.17
2021-05-14,1432476834.71
2021-05-15,578163790.83
2021-05-16,547951774.56
2021-05-17,404565706.64
2021-05-18,467807856.61
2021-05-19,669419203.18
2021-05-20,820411289.45
2021-05-21,500783719.95
2021-05-22,375495792.73
2021-05-23,344242811.70
2021-05-24,361966966.24
2021-05-25,349184533.39
2021-05-26,280114893.47
2021-05-27,314489785.08
2021-05-28,236790346.68
2021-05-29,226881766.32
2021-05-30,227013018.86
2021-05-31,221063170.49
2021-06-01,240815559.42
2021-06-02,250115033.13
2021-06-03,584311733.80
2021-06-04,514286532.58
2021-06-05,621830169.27
2021-06-06,466031168.61
2021-06-07,282899180.90
2021-06-08,260060391.13
2021-06-09,371281513.31
2021-06-10,424613655.17
2021-06-11,250627732.29
2021-06-12,250176284.42
2021-06-13,219346624.23
2021-06-14,168943206.04
2021-06-15,203595492.87
2021-06-16,189963218.85
2021-06-17,146269659.79
2021-06-18,116439141.85
2021-06-19,160357439.15
2021-06-20,114525942.03
2021-06-21,147665135.53
2021-06-22,201556942.27
2021-06-23,229876587.84
2021-06-24,167796166.68
2021-06-25,166062746.24
2021-06-26,179762611.39
2021-06-27,149021849.75
2021-06-28,119012685.26
2021-06-29,119843103.70
2021-06-30,161503191.25
2021-07-01,134260912.23
2021-07-02,124903751.44
2021-07-03,103811746.31
2021-07-04,86574690.93
2021-07-05,123234906.16
2021-07-06,124235220.70
2021-07-07,201595156.55
2021-07-08,134125302.18
2021-07-09,140357582.78
2021-07-10,96546300.73
2021-07-11,88933972.53
2021-07-12,76758980.98
2021-07-13,77625100.70
2021-07-14,78701294.59
2021-07-15,96758636.01
2021-07-16,94118502.80
2021-07-17,92208097.60
2021-07-18,69374823.80
2021-07-19,72696859.35
2021-07-20,78832030.21
2021-07-21,98669640.22
2021-07-22,112730187.40
2021-07-23,110448773.48
2021-07-24,108362274.12
2021-07-25,91887830.15
2021-07-26,85209192.34
2021-07-27,146907902.24
2021-07-28,74885256.96
2021-07-29,67300643.58
2021-07-30,93577813.23
2021-07-31,109218045.66
2021-08-01,102898614.14
2021-08-02,88337205.04
2021-08-03,77067612.29
2021-08-04,75572186.77
2021-08-05,96916219.89
2021-08-06,161612773.14
2021-08-07,174990181.48
2021-08-08,154157628.65
2021-08-09,117811696.71
2021-08-10,116106486.63
2021-08-11,161241705.46
2021-08-12,201328221.02
2021-08-13,167073218.27
2021-08-14,218046009.26
2021-08-15,176118129.08
2021-08-16,162222635.16
2021-08-17,181253498.21
2021-08-18,220470116.46
2021-08-19,158973804.85
2021-08-20,188499847.32
2021-08-21,215867568.80
2021-08-22,232127003.07
2021-08-23,275119703.07
2021-08-24,248758249.41
2021-08-25,232476263.89
2021-08-26,198721377.43
2021-08-27,124061147.23
2021-08-28,142139392.28
2021-08-29,101390838.55
2021-08-30,112837562.69
2021-08-31,265033142.58
2021-09-01,316958692.57
2021-09-02,173033937.99
2021-09-03,132160221.55
2021-09-04,137244273.57
2021-09-05,181597529.09
2021-09-06,328960750.38
2021-09-07,290166068.19
2021-09-08,371753365.00
2021-09-09,230672971.49
2021-09-10,294692877.71
2021-09-11,309004653.96
2021-09-12,155788041.87
2021-09-13,158530015.35
2021-09-14,287028096.52
2021-09-15,617138730.64
2021-09-16,653415270.33
2021-09-17,711626426.46
2021-09-18,478938943.60
2021-09-19,316168531.74
2021-09-20,337898054.61
2021-09-21,458067860.33
2021-09-22,338126918.38
2021-09-23,224994141.76
2021-09-24,346930274.37
2021-09-25,366629514.30
2021-09-26,153059068.93
2021-09-27,387209619.44
2021-09-28,413054833.61
2021-09-29,260641109.63
2021-09-30,181942799.40
2021-10-01,197205252.26
2021-10-02,199057161.99
2021-10-03,172989275.53
2021-10-04,368150302.77
2021-10-05,309674082.79
2021-10-06,261996106.09
2021-10-07,205778665.90
2021-10-08,216619348.06
2021-10-09,181377786.19
2021-10-10,259763928.57
2021-10-11,141317151.87
2021-10-12,135813305.22
2021-10-13,132380292.43
2021-10-14,292814460.36
2021-10-15,252721016.22
2021-10-16,204700088.17
2021-10-17,162190052.79
2021-10-18,121118234.99
2021-10-19,96943881.14
2021-10-20,117434329.74
2021-10-21,174556965.99
2021-10-22,178254904.29
2021-10-23,342923284.66
2021-10-24,451604447.04
2021-10-25,446732791.15
2021-10-26,1279149472.96
2021-10-27,1276329737.20
2021-10-28,783108717.02
2021-10-29,1256176449.50
2021-10-30,457481548.32
2021-10-31,648878371.43
2021-11-01,335783674.55
2021-11-02,335148597.73
2021-11-03,294937288.21
2021-11-04,419937585.79
2021-11-05,266504366.57
2021-11-06,161598121.90
2021-11-07,282594065.88
2021-11-08,478473970.71
2021-11-09,385584729.52
2021-11-10,486394077.50
2021-11-11,396112222.16
2021-11-12,301679760.81
2021-11-13,261613642.65
2021-11-14,280790310.05
2021-11-15,168460200.45
2021-11-16,157730316.12
2021-11-17,348819994.15
2021-11-18,424149049.74
2021-11-19,525645534.51
2021-11-20,357828141.48
2021-11-21,217980055.44
2021-11-22,179813392.75
2021-11-23,707671101.04
2021-11-24,949689368.69
2021-11-25,1300031631.44
2021-11-26,1287915707.39
2021-11-27,1026430711.60
2021-11-28,513423793.77
2021-11-29,454859839.35
2021-11-30,362852637.32
2021-12-01,399433165.89
2021-12-02,604721620.43
2021-12-03,323134281.85
2021-12-04,359270780.24
2021-12-05,664194867.24
2021-12-06,385635696.11
2021-12-07,449852256.09
2021-12-08,418007128.37
2021-12-09,319548337.49
2021-12-10,271164775.42
2021-12-11,192139565.62
2021-12-12,207062148.03
2021-12-13,196226798.22
2021-12-14,266839315.04
2021-12-15,162136562.42
2021-12-16,328243000.40
2021-12-17,357057256.21
2021-12-18,650380123.23
2021-12-19,645652952.11
2021-12-20,265810606.08
2021-12-21,447078970.31
2021-12-22,383523153.37
2021-12-23,763112707.77
2021-12-24,733684902.01
2021-12-25,558656623.35
2021-12-26,578973303.05
2021-12-27,614864152.78
2021-12-28,418132147.55
2021-12-29,721838986.97
2021-12-30,797421600.66
2021-12-31,622098126.17
2022-01-01,790776928.25
2022-01-02,1023959898.83
2022-01-03,786858939.89
2022-01-04,1157371404.31
2022-01-05,1026272350.20
2022-01-06,906663895.66
2022-01-07,789523991.39
2022-01-08,874875192.67
2022-01-09,625969786.39
2022-01-10,497939430.29
2022-01-11,672404312.95
2022-01-12,482695900.76
2022-01-13,532732658.64
2022-01-14,665305386.00
2022-01-15,768794856.70
2022-01-16,505333959.17
2022-01-17,393579727.22
2022-01-18,574806575.97
2022-01-19,403443590.18
2022-01-20,415900559.57
2022-01-21,394968080.05
2022-01-22,595734793.63
2022-01-23,642964538.79
2022-01-24,349529208.28
2022-01-25,490135729.11
2022-01-26,442553624.51
2022-01-27,499151156.34
2022-01-28,321314199.64
2022-01-29,286704618.86
2022-01-30,237452457.99
2022-01-31,374269635.06
2022-02-01,368229998.56
2022-02-02,338913357.52
2022-02-03,270825404.72
2022-02-04,202776507.69
2022-02-05,270773964.75
2022-02-06,253716056.25
2022-02-07,212800238.77
2022-02-08,355410523.76
2022-02-09,331202506.15
2022-02-10,194212396.57
2022-02-11,251643320.82
2022-02-12,231554499.19
2022-02-13,164011912.52
2022-02-14,132397423.51
2022-02-15,191320165.20
2022-02-16,206116471.70
2022-02-17,228368157.50
2022-02-18,255300205.53
2022-02-19,172955794.76
2022-02-20,106879318.28
2022-02-21,151951957.15
2022-02-22,209309631.95
2022-02-23,202300011.38
2022-02-24,173360444.76
2022-02-25,378259568.75
2022-02-26,204540303.31
2022-02-27,145682919.98
2022-02-28,176064474.84
2022-03-01,198310189.49
2022-03-02,242807676.44
2022-03-03,299544667.44
2022-03-04,183143131.29
2022-03-05,162374531.57
2022-03-06,101336463.35
2022-03-07,129978892.42
2022-03-08,162494685.94
2022-03-09,146203231.31
2022-03-10,135983650.70
2022-03-11,158685735.93
2022-03-12,122487741.50
2022-03-13,71077417.20
2022-03-14,79229376.12
2022-03-15,236725085.16
2022-03-16,215122663.18
2022-03-17,166032061.07
2022-03-18,149671167.07
2022-03-19,179903328.40
2022-03-20,150612322.81
2022-03-21,132626631.19
2022-03-22,141151477.28
2022-03-23,141759330.66
2022-03-24,141210562.81
2022-03-25,131945787.01
2022-03-26,130529497.02
2022-03-27,86685314.88
2022-03-28,225956785.02
2022-03-29,243260687.35
2022-03-30,339083635.29
2022-03-31,256343748.65
2022-04-01,268357487.66
2022-04-02,228294772.61
2022-04-03,270642676.12
2022-04-04,230840092.14
2022-04-05,220584156.54
2022-04-06,177178354.78
2022-04-07,215412620.73
2022-04-08,148126955.13
2022-04-09,141557262.75
2022-04-10,98672554.14
2022-04-11,98932522.30
2022-04-12,146381769.61
2022-04-13,116967134.48
2022-04-14,103345945.76
2022-04-15,88282844.27
2022-04-16,67937969.57
2022-04-17,51796416.33
2022-04-18,90063119.72
2022-04-19,144568324.16
2022-04-20,137588326.85
2022-04-21,160704431.18
2022-04-22,143200853.88
2022-04-23,383916602.78
2022-04-24,371502381.38
2022-04-25,268973039.14
2022-04-26,262673872.21
2022-04-27,199866035.86
2022-04-28,167820045.19
2022-04-29,167265818.44
2022-04-30,136431323.87
2022-05-01,127218315.65
2022-05-02,141922520.30
2022-05-03,146383382.40
2022-05-04,157745804.60
2022-05-05,343149848.26
2022-05-06,312880717.53
2022-05-07,253079814.72
2022-05-08,170292190.51
2022-05-09,259507782.97
2022-05-10,282153625.38
2022-05-11,318523182.51
2022-05-12,375526714.69
2022-05-13,270741987.18
2022-05-14,201044457.31
2022-05-15,143531709.18
2022-05-16,102536956.34
2022-05-17,108604754.18
2022-05-18,134441452.09
2022-05-19,129979014.85
2022-05-20,324505549.68
2022-05-21,180930671.47
2022-05-22,152910414.40
2022-05-23,108865048.77
2022-05-24,169217079.84
2022-05-25,102515457.54
2022-05-26,86385615.58
2022-05-27,135132900.05
2022-05-28,129679734.77
2022-05-29,108516891.56
2022-05-30,70630066.79
2022-05-31,115316019.52
2022-06-01,119192421.51
2022-06-02,103784432.66
2022-06-03,76449038.25
2022-06-04,54453606.80
2022-06-05,45861211.65
2022-06-06,52776818.82
2022-06-07,75382271.28
2022-06-08,79504446.88
2022-06-09,58929793.50
2022-06-10,51368277.34
2022-06-11,71752887.92
2022-06-12,119563710.68
2022-06-13,109394758.93
2022-06-14,208322195.48
2022-06-15,100957217.08
2022-06-16,131236444.77
2022-06-17,75094188.78
2022-06-18,47970914.25
2022-06-19,75152023.45
2022-06-20,70061838.20
2022-06-21,97845831.23
2022-06-22,109878835.09
2022-06-23,88938741.11
2022-06-24,145481944.25
2022-06-25,107532956.48
2022-06-26,81962250.09
2022-06-27,77100493.95
2022-06-28,71650517.11
2022-06-29,75775083.59
2022-06-30,82041810.38
2022-07-01,85231143.59
2022-07-02,150951613.43
2022-07-03,96515448.12
2022-07-04,86942701.81
2022-07-05,128945647.64
2022-07-06,204628804.99
2022-07-07,177536169.96
2022-07-08,139832348.01
2022-07-09,125755345.58
2022-07-10,106449778.15
2022-07-11,89823863.67
2022-07-12,90342752.77
2022-07-13,103858803.71
2022-07-14,196239322.20
2022-07-15,231672380.68
2022-07-16,157600593.02
2022-07-17,129712395.47
2022-07-18,123756294.68
2022-07-19,266342505.80
2022-07-20,240256772.14
2022-07-21,199779666.22
2022-07-22,316615479.39
2022-07-23,313786691.09
2022-07-24,193192575.39
2022-07-25,134659744.36
2022-07-26,176342706.11
2022-07-27,150025939.36
2022-07-28,199730392.93
2022-07-29,308702046.03
2022-07-30,273024711.01
2022-07-31,205472275.07
2022-08-01,157370399.87
2022-08-02,158488990.49
2022-08-03,228980591.40
2022-08-04,216723440.70
2022-08-05,174181134.32
2022-08-06,201911184.80
2022-08-07,121834281.57
2022-08-08,94673150.35
2022-08-09,143567647.77
2022-08-10,160705776.17
2022-08-11,200734835.95
2022-08-12,192754527.28
2022-08-13,113006026.34
2022-08-14,109856309.00
2022-08-15,118619514.03
2022-08-16,138727437.59
2022-08-17,113429624.95
2022-08-18,167153797.02
2022-08-19,107356869.00
2022-08-20,160534050.96
2022-08-21,137594444.61
2022-08-22,103411430.20
2022-08-23,170683751.86
2022-08-24,198585021.77
2022-08-25,136623896.19
2022-08-26,112651403.47
2022-08-27,134009043.04
2022-08-28,90306357.00
2022-08-29,81111040.53
2022-08-30,93781999.95
2022-08-31,91043725.89
2022-09-01,126990107.17
2022-09-02,105140531.57
2022-09-03,110401568.84
2022-09-04,71753201.94
2022-09-05,59688020.93
2022-09-06,70829729.26
2022-09-07,158975843.44
2022-09-08,127187509.36
2022-09-09,105480858.49
2022-09-10,148647821.64
2022-09-11,122522759.64
2022-09-12,109730307.48
2022-09-13,109332442.33
2022-09-14,147374026.40
2022-09-15,119801580.20
2022-09-16,110989900.03
2022-09-17,80380249.35
2022-09-18,54826904.01
2022-09-19,90540592.41
2022-09-20,104857512.00
2022-09-21,75913635.54
2022-09-22,119508917.63
2022-09-23,70450791.67
2022-09-24,77804949.72
2022-09-25,47032750.68
2022-09-26,42754642.56
2022-09-27,98669908.16
2022-09-28,82019871.31
2022-09-29,67743440.61
2022-09-30,62115773.87
2022-10-01,60711027.51
2022-10-02,42008931.40
2022-10-03,39909346.83
2022-10-04,52008080.85
2022-10-05,54397273.00
2022-10-06,59682001.96
2022-10-07,81375212.69
2022-10-08,43925760.61
2022-10-09,31674376.06
2022-10-10,23838259.59
2022-10-11,38723358.48
2022-10-12,40845414.52
2022-10-13,34919540.67
2022-10-14,83782471.07
2022-10-15,54885032.95
2022-10-16,37307232.87
2022-10-17,31622447.74
2022-10-18,68354501.58
2022-10-19,72947190.76
2022-10-20,67044702.96
2022-10-21,68287383.00
2022-10-22,64191761.50
2022-10-23,42095162.75
2022-10-24,51352191.91
2022-10-25,52549788.16
2022-10-26,64162700.44
2022-10-27,66170104.50
2022-10-28,58581699.70
2022-10-29,63253741.04
2022-10-30,62326217.72
2022-10-31,53887482.27
2022-11-01,52501854.24
2022-11-02,45687896.52
2022-11-03,69327237.82
2022-11-04,75046733.10
2022-11-05,169878000.37
2022-11-06,95133387.93
2022-11-07,76736894.90
2022-11-08,96081906.35
2022-11-09,203773531.47
2022-11-10,170311102.52
2022-11-11,127007360.43
2022-11-12,78270079.94
2022-11-13,44904348.96
2022-11-14,55663563.92
2022-11-15,56637763.84
2022-11-16,49057348.60
2022-11-17,44925096.77
2022-11-18,73004890.49
2022-11-19,37819483.12
2022-11-20,25875829.72
2022-11-21,65849509.32
2022-11-22,60273928.12
2022-11-23,1013712149.96
2022-11-24,315581093.54
2022-11-25,166488978.69
2022-11-26,85823016.30
2022-11-27,155893867.74
2022-11-28,73514036.99
2022-11-29,76534185.18
2022-11-30,62715954.12
2022-12-01,69161470.87
2022-12-02,46528958.91
2022-12-03,42974878.06
2022-12-04,35920575.32
2022-12-05,40209908.91
2022-12-06,43453170.49
2022-12-07,45863778.61
2022-12-08,36659233.88
2022-12-09,44506916.75
2022-12-10,32438017.22
2022-12-11,23059108.56
2022-12-12,24196874.30
2022-12-13,41712870.28
2022-12-14,65211756.39
2022-12-15,46084457.46
2022-12-16,34959027.00
2022-12-17,48159111.66
2022-12-18,39243458.11
2022-12-19,22555659.52
2022-12-20,42178185.68
2022-12-21,36055525.23
2022-12-22,27982880.71
2022-12-23,30105968.55
2022-12-24,23586284.58
2022-12-25,16727034.42
2022-12-26,23956552.94
2022-12-27,23870002.58
2022-12-28,29159654.30
2022-12-29,34156509.58
2022-12-30,30429290.49
2022-12-31,38220533.93
2023-01-01,36368869.77
2023-01-02,22558701.72
2023-01-03,41267359.54
2023-01-04,24642475.48
2023-01-05,45180631.55
2023-01-06,32331138.04
2023-01-07,26631423.60
2023-01-08,22328572.16
2023-01-09,28917983.41
2023-01-10,123551320.69
2023-01-11,46940584.27
2023-01-12,70558237.58
2023-01-13,85066679.03
2023-01-14,115023492.06
2023-01-15,133874965.48
2023-01-16,94167731.44
2023-01-17,152389907.99
2023-01-18,162482061.18
2023-01-19,146031998.90
2023-01-20,96093351.96
2023-01-21,142785424.84
2023-01-22,136537530.74
2023-01-23,198962549.49
2023-01-24,143621779.64
2023-01-25,133718302.37
2023-01-26,129536703.33
2023-01-27,160297452.47
2023-01-28,126772593.68
2023-01-29,107092252.30
2023-01-30,76004904.02
2023-01-31,82458922.32
2023-02-01,67557423.55
2023-02-02,118274641.12
2023-02-03,202219419.51
2023-02-04,161636874.47
2023-02-05,71644176.03
2023-02-06,92006697.21
2023-02-07,82939434.57
2023-02-08,111756378.27
2023-02-09,262282354.25
2023-02-10,198309828.69
2023-02-11,92299411.72
2023-02-12,58200474.62
2023-02-13,59774664.04
2023-02-14,322333661.07
2023-02-15,231030173.99
2023-02-16,181238080.56
2023-02-17,222959854.64
2023-02-18,224476086.79
2023-02-19,140908105.27
2023-02-20,115473503.06
2023-02-21,132379302.99
2023-02-22,138919959.98
2023-02-23,102735969.79
2023-02-24,79775554.61
2023-02-25,97418781.82
2023-02-26,67451530.69
2023-02-27,58908711.97
2023-02-28,76666397.82
2023-03-01,79865685.54
2023-03-02,73787319.49
2023-03-03,64571769.59
2023-03-04,82588147.76
2023-03-05,47164941.13
2023-03-06,46318255.06
2023-03-07,66171676.55
2023-03-08,77721101.52
2023-03-09,76009114.47
2023-03-10,84106113.73
2023-03-11,113121420.23
2023-03-12,141713276.02
2023-03-13,93073500.25
2023-03-14,163803863.77
2023-03-15,136252855.66
2023-03-16,137517594.27
2023-03-17,77673620.74
2023-03-18,109545268.48
2023-03-19,102892312.82
2023-03-20,103397014.84
2023-03-21,97997629.05
2023-03-22,66979504.68
2023-03-23,89932586.88
2023-03-24,56905533.93
2023-03-25,62101861.11
2023-03-26,53490205.45
2023-03-27,41107755.64
2023-03-28,61126402.02
2023-03-29,49369644.67
2023-03-30,42317315.06
2023-03-31,49308031.37
2023-04-01,50799876.63
2023-04-02,33722404.20
2023-04-03,35426856.44
2023-04-04,56401321.91
2023-04-05,79009284.24
2023-04-06,60307231.57
2023-04-07,61475749.12
2023-04-08,55945295.25
2023-04-09,58853385.48
2023-04-10,58620307.11
2023-04-11,49285066.14
2023-04-12,57371704.51
2023-04-13,104618449.89
2023-04-14,65711531.14
2023-04-15,83304119.35
2023-04-16,54901582.58
2023-04-17,50785793.98
2023-04-18,66654622.38
2023-04-19,79809868.47
2023-04-20,86971267.15
2023-04-21,83529460.38
2023-04-22,68761070.15
2023-04-23,35576023.11
2023-04-24,65659675.23
2023-04-25,51098008.24
2023-04-26,46664024.96
2023-04-27,60245229.57
2023-04-28,54619272.67
2023-04-29,28501085.72
2023-04-30,23456274.78
2023-05-01,31125529.56
2023-05-02,29708837.23
2023-05-03,33451727.45
2023-05-04,96607020.74
2023-05-05,44195718.13
2023-05-06,48255349.12
2023-05-07,41379569.99
2023-05-08,29667077.60
2023-05-09,64533915.62
2023-05-10,30829941.66
2023-05-11,50481689.54
2023-05-12,40646439.46
2023-05-13,41637308.92
2023-05-14,25617364.59
2023-05-15,24048162.33
2023-05-16,37892348.70
2023-05-17,33015873.89
2023-05-18,38203964.28
2023-05-19,37978810.67
2023-05-20,29693763.19
2023-05-21,25055405.92
2023-05-22,32177090.99
2023-05-23,46693350.25
2023-05-24,49308330.46
2023-05-25,61637627.60
2023-05-26,38950355.51
2023-05-27,49098766.21
2023-05-28,33384418.65
2023-05-29,40381152.46
2023-05-30,32829629.21
2023-05-31,42095035.76
2023-06-01,29329466.74
2023-06-02,27163247.40
2023-06-03,57284317.80
2023-06-04,34596300.31
2023-06-05,33060674.73
2023-06-06,68323714.72
2023-06-07,52899809.70
2023-06-08,39766487.58
2023-06-09,36064051.16
2023-06-10,33116567.64
2023-06-11,112172315.15
2023-06-12,42436542.82
2023-06-13,56016298.07
2023-06-14,57543913.33
2023-06-15,74398779.76
2023-06-16,153976013.34
2023-06-17,70600571.91
2023-06-18,38746442.85
2023-06-19,35109739.52
2023-06-20,32563491.42
2023-06-21,47964079.26
2023-06-22,45038197.24
2023-06-23,41020135.94
2023-06-24,32875026.57
2023-06-25,34256341.66
2023-06-26,58094981.27
2023-06-27,47907978.76
2023-06-28,33460829.05
2023-06-29,34100362.01
2023-06-30,44950269.47
2023-07-01,64784019.61
2023-07-02,35543058.08
2023-07-03,28341845.37
2023-07-04,35536790.91
2023-07-05,49870064.54
2023-07-06,35380810.73
2023-07-07,52624656.89
2023-07-08,37639169.98
2023-07-09,22947133.22
2023-07-10,24265796.97
2023-07-11,42772528.38
2023-07-12,23174025.25
2023-07-13,27577413.01
2023-07-14,43120374.19
2023-07-15,48240010.17
2023-07-16,27883138.07
2023-07-17,28919172.02
2023-07-18,47677388.56
2023-07-19,32215322.37
2023-07-20,29155687.84
2023-07-21,36316287.60
2023-07-22,35088242.84
2023-07-23,23438352.54
2023-07-24,23381440.45
2023-07-25,36574696.65
2023-07-26,24431086.98
2023-07-27,31845750.76
2023-07-28,26105383.26
2023-07-29,19989772.31
2023-07-30,15365973.98
2023-07-31,206763189.94
2023-08-01,273061224.87
2023-08-02,405894915.01
2023-08-03,232676038.95
2023-08-04,130637127.76
2023-08-05,186726648.37
2023-08-06,267825134.37
2023-08-07,99175979.81
2023-08-08,98165041.89
2023-08-09,70158844.65
2023-08-10,66589080.97
2023-08-11,98561514.39
2023-08-12,56843068.78
2023-08-13,42408143.92
2023-08-14,46173473.14
2023-08-15,50197316.46
2023-08-16,59169077.68
2023-08-17,92845476.58
2023-08-18,108529829.50
2023-08-19,72192573.67
2023-08-20,41680043.04
2023-08-21,27224122.04
2023-08-22,44342389.94
2023-08-23,63060336.79
2023-08-24,44377619.07
2023-08-25,35327739.29
2023-08-26,36728036.15
2023-08-27,17674127.31
2023-08-28,21258200.45
2023-08-29,55348667.56
2023-08-30,125866393.30
2023-08-31,33067726.45
2023-09-01,34989511.12
2023-09-02,35735408.42
2023-09-03,24082238.41
2023-09-04,19316349.99
2023-09-05,24098658.83
2023-09-06,22449585.89
2023-09-07,26654797.43
2023-09-08,20970309.28
2023-09-09,19630766.89
2023-09-10,14454967.40
2023-09-11,29987790.19
2023-09-12,33792389.22
2023-09-13,34732446.76
2023-09-14,57083448.01
2023-09-15,32677481.65
2023-09-16,34249659.21
2023-09-17,29580314.81
2023-09-18,28752903.77
2023-09-19,33983826.39
2023-09-20,48395530.39
2023-09-21,30521856.05
2023-09-22,43134919.51
2023-09-23,93412408.44
2023-09-24,46749468.06
2023-09-25,160285589.05
2023-09-26,60500052.30
2023-09-27,37641078.07
2023-09-28,37732558.99
2023-09-29,29889650.01
2023-09-30,22414087.91
2023-10-01,23410094.83
2023-10-02,26861111.64
2023-10-03,34321077.06
2023-10-04,31610546.45
2023-10-05,20846017.94
2023-10-06,19924202.52
2023-10-07,17720005.62
2023-10-08,21987358.73
2023-10-09,25633375.38
2023-10-10,36767159.81
2023-10-11,40723084.34
2023-10-12,39311417.65
2023-10-13,39288999.06
2023-10-14,44203645.27
2023-10-15,28890492.75
2023-10-16,27941618.88
2023-10-17,52718741.50
2023-10-18,50610617.07
2023-10-19,25258233.98
2023-10-20,30845151.96
2023-10-21,29325846.11
2023-10-22,28322909.27
2023-10-23,37239282.80
2023-10-24,56518104.34
2023-10-25,66201562.13
2023-10-26,44346928.61
2023-10-27,67191028.05
2023-10-28,49459541.59
2023-10-29,27874740.18
2023-10-30,36156914.05
2023-10-31,59444546.45
2023-11-01,46741588.65
2023-11-02,101667168.23
2023-11-03,134975288.28
2023-11-04,62642176.98
2023-11-05,58496691.45
2023-11-06,56484291.40
2023-11-07,51497139.22
2023-11-08,81369714.10
2023-11-09,95523352.77
2023-11-10,152161669.84
2023-11-11,146150817.81
2023-11-12,171216667.49
2023-11-13,135071313.19
2023-11-14,108225194.82
2023-11-15,94349862.39
2023-11-16,108738376.97
2023-11-17,115776340.39
2023-11-18,109627489.66