date,market_cap_circulating
2020-08-14,0.00
2020-08-15,5940563.05
2020-08-16,41630574.27
2020-08-17,44794053.80
2020-08-18,46840611.64
2020-08-19,44275668.52
2020-08-20,36788884.76
2020-08-21,40900867.49
2020-08-22,38951582.15
2020-08-23,40667175.97
2020-08-24,38363470.20
2020-08-25,52751620.98
2020-08-26,54907134.55
2020-08-27,77637789.37
2020-08-28,76188310.67
2020-08-29,80228087.15
2020-08-30,74149348.78
2020-08-31,87349019.09
2020-09-01,110420256.10
2020-09-02,159531783.50
2020-09-03,131025408.22
2020-09-04,91118553.72
2020-09-05,100216428.98
2020-09-06,66271232.77
2020-09-07,79932331.57
2020-09-08,77339803.17
2020-09-09,73821252.95
2020-09-10,81126920.56
2020-09-11,83000780.63
2020-09-12,85532703.00
2020-09-13,94473620.49
2020-09-14,89617543.31
2020-09-15,87435893.58
2020-09-16,70998917.55
2020-09-17,66223534.62
2020-09-18,69710029.95
2020-09-19,69192047.99
2020-09-20,82092467.28
2020-09-21,76331140.28
2020-09-22,62924273.48
2020-09-23,63588319.00
2020-09-24,53670905.19
2020-09-25,60039853.13
2020-09-26,60958744.10
2020-09-27,70668958.84
2020-09-28,66213331.76
2020-09-29,64894489.96
2020-09-30,63727790.95
2020-10-01,64506604.82
2020-10-02,59611825.05
2020-10-03,54213110.89
2020-10-04,54756059.61
2020-10-05,51403390.08
2020-10-06,46496561.13
2020-10-07,39406374.11
2020-10-08,41062086.61
2020-10-09,43939017.23
2020-10-10,51430317.54
2020-10-11,45837450.59
2020-10-12,46426073.83
2020-10-13,47987191.56
2020-10-14,47504936.22
2020-10-15,44484356.67
2020-10-16,44628556.82
2020-10-17,40525999.77
2020-10-18,41167719.30
2020-10-19,44075475.37
2020-10-20,40310699.51
2020-10-21,36269281.82
2020-10-22,38074811.05
2020-10-23,40891633.00
2020-10-24,38069036.69
2020-10-25,37727107.36
2020-10-26,34425995.75
2020-10-27,42056570.61
2020-10-28,62829401.15
2020-10-29,51082028.71
2020-10-30,46388646.28
2020-10-31,41175171.50
2020-11-01,43508746.71
2020-11-02,42153505.14
2020-11-03,38650564.88
2020-11-04,39034369.80
2020-11-05,36793892.68
2020-11-06,39110338.11
2020-11-07,47984280.50
2020-11-08,47571612.62
2020-11-09,52954813.83
2020-11-10,50998840.22
2020-11-11,63238765.74
2020-11-12,62920002.06
2020-11-13,64410376.20
2020-11-14,82307520.19
2020-11-15,85720498.30
2020-11-16,92598770.55
2020-11-17,100226884.64
2020-11-18,108658438.27
2020-11-19,96045999.30
2020-11-20,101967769.68
2020-11-21,109568995.87
2020-11-22,110340196.33
2020-11-23,98316271.54
2020-11-24,97472631.65
2020-11-25,91003007.73
2020-11-26,86750096.88
2020-11-27,77180259.54
2020-11-28,85453989.02
2020-11-29,81885740.51
2020-11-30,88535440.45
2020-12-01,92016442.34
2020-12-02,93893680.38
2020-12-03,111737685.13
2020-12-04,116064813.80
2020-12-05,96029094.00
2020-12-06,104162313.50
2020-12-07,99560290.09
2020-12-08,101277242.36
2020-12-09,87545418.22
2020-12-10,91394909.78
2020-12-11,87471613.95
2020-12-12,82274533.98
2020-12-13,89274564.15
2020-12-14,92826077.30
2020-12-15,98483961.25
2020-12-16,97654784.90
2020-12-17,99823780.35
2020-12-18,102420227.09
2020-12-19,102157693.41
2020-12-20,107105717.61
2020-12-21,100337553.29
2020-12-22,92107892.95
2020-12-23,91675236.08
2020-12-24,71496526.47
2020-12-25,79844514.00
2020-12-26,81921181.71
2020-12-27,78791319.76
2020-12-28,80359473.50
2020-12-29,85174497.34
2020-12-30,81055960.90
2020-12-31,101018486.97
2021-01-01,109846371.47
2021-01-02,111528894.86
2021-01-03,109594079.06
2021-01-04,123518858.82
2021-01-05,118735051.06
2021-01-06,124767472.44
2021-01-07,131872732.12
2021-01-08,129489552.81
2021-01-09,126786522.34
2021-01-10,142665971.57
2021-01-11,140023650.11
2021-01-12,114227185.96
2021-01-13,113963882.92
2021-01-14,128079125.16
2021-01-15,142224339.20
2021-01-16,221227746.67
2021-01-17,211018792.94
2021-01-18,324038472.99
2021-01-19,302195508.92
2021-01-20,261821969.14
2021-01-21,317386336.33
2021-01-22,329886094.29
2021-01-23,390205384.99
2021-01-24,422176512.72
2021-01-25,454013047.28
2021-01-26,401286392.57
2021-01-27,424896630.74
2021-01-28,362525402.36
2021-01-29,420234931.88
2021-01-30,419885405.98
2021-01-31,506601286.26
2021-02-01,522242841.98
2021-02-02,521194285.84
2021-02-03,521496158.06
2021-02-04,559807367.78
2021-02-05,654862624.91
2021-02-06,701265720.56
2021-02-07,678829638.16
2021-02-08,645756096.28
2021-02-09,665626318.80
2021-02-10,699907539.70
2021-02-11,677001707.19
2021-02-12,771266973.72
2021-02-13,750919543.03
2021-02-14,738659949.88
2021-02-15,672394657.51
2021-02-16,608681446.43
2021-02-17,598738749.24
2021-02-18,629578893.63
2021-02-19,630914206.78
2021-02-20,597044710.08
2021-02-21,655278798.16
2021-02-22,677316996.76
2021-02-23,601436199.84
2021-02-24,488285642.10
2021-02-25,499716307.65
2021-02-26,468725690.07
2021-02-27,450062471.09
2021-02-28,461486634.88
2021-03-01,411743911.67
2021-03-02,469209485.09
2021-03-03,590736696.52
2021-03-04,549331271.92
2021-03-05,498423806.80
2021-03-06,493926159.57
2021-03-07,492853477.30
2021-03-08,542218677.91
2021-03-09,575885032.36
2021-03-10,587532999.03
2021-03-11,542576820.91
2021-03-12,528290560.26
2021-03-13,499145307.20
2021-03-14,575221566.20
2021-03-15,528515711.15
2021-03-16,551496565.17
2021-03-17,638634751.83
2021-03-18,611171580.49
2021-03-19,653732327.53
2021-03-20,682087220.54
2021-03-21,682885518.30
2021-03-22,656407933.02
2021-03-23,605780680.38
2021-03-24,740404336.04
2021-03-25,649019550.25
2021-03-26,610507769.60
2021-03-27,673540481.79
2021-03-28,807176354.91
2021-03-29,776739596.83
2021-03-30,925953802.81
2021-03-31,857595866.33
2021-04-01,814289213.36
2021-04-02,870878982.58
2021-04-03,883200813.29
2021-04-04,779141817.16
2021-04-05,823732886.28
2021-04-06,874385169.03
2021-04-07,838891146.92
2021-04-08,777700427.95
2021-04-09,816768285.39
2021-04-10,791670927.63
2021-04-11,790840666.77
2021-04-12,830893995.61
2021-04-13,820506955.91
2021-04-14,850256095.46
2021-04-15,867578516.88
2021-04-16,1095762044.70
2021-04-17,1093531696.48
2021-04-18,1065794189.81
2021-04-19,897697790.89
2021-04-20,795022436.43
2021-04-21,840872666.66
2021-04-22,809060509.57
2021-04-23,783764923.35
2021-04-24,733339636.43
2021-04-25,663957991.57
2021-04-26,675492996.21
2021-04-27,796043458.67
2021-04-28,896649361.08
2021-04-29,878944964.15
2021-04-30,877412485.55
2021-05-01,967762162.17
2021-05-02,990551423.06
2021-05-03,959274239.48
2021-05-04,957591754.91
2021-05-05,840598282.41
2021-05-06,912105539.86
2021-05-07,956476515.16
2021-05-08,1076968028.48
2021-05-09,1055582527.75
2021-05-10,1108162955.90
2021-05-11,1086049069.36
2021-05-12,1167312945.32
2021-05-13,1292778902.51
2021-05-14,1186299987.95
2021-05-15,1294570950.99
2021-05-16,1141144033.71
2021-05-17,1155040846.61
2021-05-18,1153658969.68
2021-05-19,1290402898.95
2021-05-20,752877066.84
2021-05-21,812680626.60
2021-05-22,673884957.18
2021-05-23,609059095.63
2021-05-24,491750750.32
2021-05-25,599346043.23
2021-05-26,593243989.54
2021-05-27,704718786.98
2021-05-28,652082679.61
2021-05-29,587398956.63
2021-05-30,630376474.24
2021-05-31,605226559.80
2021-06-01,704408805.32
2021-06-02,741797047.71
2021-06-03,767107564.59
2021-06-04,816512436.95
2021-06-05,874419143.48
2021-06-06,817302215.22
2021-06-07,802141590.57
2021-06-08,708529574.90
2021-06-09,775048784.24
2021-06-10,828634636.94
2021-06-11,751992600.00
2021-06-12,711914296.34
2021-06-13,695856129.52
2021-06-14,732786615.82
2021-06-15,755222359.61
2021-06-16,751376986.53
2021-06-17,684219820.68
2021-06-18,697292943.70
2021-06-19,642086726.13
2021-06-20,624790204.35
2021-06-21,643449730.38
2021-06-22,490498493.33
2021-06-23,483378356.51
2021-06-24,523137200.00
2021-06-25,579729072.05
2021-06-26,513063205.75
2021-06-27,512509724.28
2021-06-28,552988670.26
2021-06-29,560937072.84
2021-06-30,624754349.66
2021-07-01,641959131.03
2021-07-02,602706478.61
2021-07-03,584737402.01
2021-07-04,619572067.28
2021-07-05,648700091.19
2021-07-06,637003100.03
2021-07-07,690453845.45
2021-07-08,684917829.36
2021-07-09,621923457.93
2021-07-10,631930841.46
2021-07-11,621951613.51
2021-07-12,624032567.73
2021-07-13,596513938.31
2021-07-14,568121316.58
2021-07-15,554719302.86
2021-07-16,518623589.02
2021-07-17,494958545.99
2021-07-18,499531610.23
2021-07-19,497968574.88
2021-07-20,476609195.90
2021-07-21,452369053.56
2021-07-22,506022490.24
2021-07-23,542201380.34
2021-07-24,559700117.32
2021-07-25,541588274.31
2021-07-26,538012380.75
2021-07-27,538073190.03
2021-07-28,548093069.93
2021-07-29,540305103.81
2021-07-30,572213388.80
2021-07-31,602506582.15
2021-08-01,607976675.07
2021-08-02,588888251.92
2021-08-03,581073481.19
2021-08-04,560310712.28
2021-08-05,581078624.17
2021-08-06,635587363.45
2021-08-07,690604134.19
2021-08-08,679918597.12
2021-08-09,628091117.90
2021-08-10,658762215.66
2021-08-11,730437314.74
2021-08-12,734164734.30
2021-08-13,732302667.04
2021-08-14,850232176.10
2021-08-15,824077682.30
2021-08-16,818498502.59
2021-08-17,796278835.03
2021-08-18,729530921.06
2021-08-19,734030139.04
2021-08-20,789496362.34
2021-08-21,851292244.03
2021-08-22,827849321.71
2021-08-23,913691083.53
2021-08-24,883588014.96
2021-08-25,845966304.56
2021-08-26,879438756.28
2021-08-27,835074716.47
2021-08-28,868994863.41
2021-08-29,835370062.77
2021-08-30,844832753.48
2021-08-31,838956178.98
2021-09-01,897396496.65
2021-09-02,918357711.39
2021-09-03,888608417.36
2021-09-04,886438605.95
2021-09-05,917418579.49
2021-09-06,995917606.15
2021-09-07,1011593792.29
2021-09-08,805549593.60
2021-09-09,804549182.75
2021-09-10,964612831.92
2021-09-11,860275063.88
2021-09-12,913657747.47
2021-09-13,972117363.08
2021-09-14,950010091.81
2021-09-15,1122400923.44
2021-09-16,1218137518.66
2021-09-17,1252889758.27
2021-09-18,1133438314.64
2021-09-19,1157834235.25
2021-09-20,1233004172.53
2021-09-21,969600274.69
2021-09-22,871651907.59
2021-09-23,982596221.04
2021-09-24,1123634159.53
2021-09-25,975988345.62
2021-09-26,935442686.95
2021-09-27,1022150595.10
2021-09-28,948436665.70
2021-09-29,904122926.84
2021-09-30,909273234.63
2021-10-01,930804678.83
2021-10-02,1002848787.76
2021-10-03,1011845989.02
2021-10-04,1119831318.08
2021-10-05,1135371076.99
2021-10-06,1150218387.84
2021-10-07,1080403147.63
2021-10-08,1105256648.86
2021-10-09,1153116805.30
2021-10-10,1142604893.08
2021-10-11,1053835495.19
2021-10-12,1045579659.51
2021-10-13,1051084932.45
2021-10-14,1162430741.67
2021-10-15,1126258194.96
2021-10-16,1141532763.67
2021-10-17,1144847581.37
2021-10-18,1128340783.82
2021-10-19,1093858587.72
2021-10-20,1094840126.82
2021-10-21,1146622123.56
2021-10-22,1126052328.83
2021-10-23,1312263834.18
2021-10-24,1441237113.57
2021-10-25,1374786084.92
2021-10-26,1856866978.50
2021-10-27,1815805880.31
2021-10-28,1755597131.79
2021-10-29,1863995071.56
2021-10-30,1824055848.71
2021-10-31,1851619800.81
2021-11-01,1737217345.65
2021-11-02,1763048903.19
2021-11-03,1675715722.12
2021-11-04,1720150488.71
2021-11-05,1627655729.52
2021-11-06,1602557426.25
2021-11-07,1614899356.23
2021-11-08,1773753428.45
2021-11-09,1829173085.13
2021-11-10,1776798891.49
2021-11-11,1599983946.03
2021-11-12,1642938194.93
2021-11-13,1575003915.96
2021-11-14,1671490155.64
2021-11-15,1618004187.03
2021-11-16,1551996122.00
2021-11-17,1463856589.39
2021-11-18,1588909683.66
2021-11-19,1594587096.49
2021-11-20,1555909351.79
2021-11-21,1551832665.57
2021-11-22,1516726901.80
2021-11-23,1638606992.75
2021-11-24,1985752606.69
2021-11-25,2283756473.67
2021-11-26,2287702946.26
2021-11-27,1941648662.06
2021-11-28,1877631458.27
2021-11-29,1905134513.12
2021-11-30,1847616507.23
2021-12-01,1921140860.15
2021-12-02,1953843841.00
2021-12-03,1870562671.04
2021-12-04,1721839205.25
2021-12-05,1465713443.72
2021-12-06,1397770898.13
2021-12-07,1456055148.94
2021-12-08,1622271518.86
2021-12-09,1638449375.02
2021-12-10,1454625771.22
2021-12-11,1330926085.92
2021-12-12,1464967090.15
2021-12-13,1499231477.33
2021-12-14,1307804381.87
2021-12-15,1332203858.54
2021-12-16,1454672114.59
2021-12-17,1513605018.47
2021-12-18,1682345396.45
2021-12-19,1771227507.87
2021-12-20,1636079464.56
2021-12-21,1632866816.12
2021-12-22,1814800021.46
2021-12-23,1967460128.61
2021-12-24,2037552417.87
2021-12-25,2022463444.04
2021-12-26,2298537730.38
2021-12-27,2241730039.42
2021-12-28,2090695097.02
2021-12-29,1883530538.08
2021-12-30,1876016451.95
2021-12-31,2003589989.80
2022-01-01,2123316192.70
2022-01-02,2451526764.87
2022-01-03,2364120181.72
2022-01-04,2565964209.71
2022-01-05,2437385408.24
2022-01-06,2141877363.05
2022-01-07,2131832486.23
2022-01-08,1976536088.89
2022-01-09,1822198942.72
2022-01-10,1780851973.26
2022-01-11,1685740854.45
2022-01-12,1804824891.51
2022-01-13,1929043584.76
2022-01-14,1976394198.56
2022-01-15,2080333685.53
2022-01-16,2075616253.04
2022-01-17,2018461482.95
2022-01-18,1870497890.99
2022-01-19,1794729762.34
2022-01-20,1656475659.01
2022-01-21,1574209497.91
2022-01-22,1299301058.03
2022-01-23,1125695636.52
2022-01-24,1176354128.04
2022-01-25,1110012629.27
2022-01-26,1192261716.57
2022-01-27,1134815949.84
2022-01-28,1096835691.92
2022-01-29,1144451269.85
2022-01-30,1173008124.36
2022-01-31,1262471805.40
2022-02-01,1282203618.21
2022-02-02,1365547813.52
2022-02-03,1217815112.08
2022-02-04,1208693862.03
2022-02-05,1334180414.58
2022-02-06,1353410451.13
2022-02-07,1318711023.25
2022-02-08,1408865191.24
2022-02-09,1346693693.20
2022-02-10,1373841059.50
2022-02-11,1256990960.88
2022-02-12,1129867305.47
2022-02-13,1121162880.69
2022-02-14,1083580964.96
2022-02-15,1135369399.26
2022-02-16,1245929649.02
2022-02-17,1248503943.65
2022-02-18,1139451672.77
2022-02-19,1109678108.49
2022-02-20,1099813484.26
2022-02-21,1010136535.39
2022-02-22,924283298.23
2022-02-23,938975685.80
2022-02-24,904268888.42
2022-02-25,873556328.44
2022-02-26,923409150.30
2022-02-27,928741520.72
2022-02-28,857738123.82
2022-03-01,952036712.96
2022-03-02,994610795.01
2022-03-03,1035204884.89
2022-03-04,986284957.54
2022-03-05,884106211.84
2022-03-06,879790921.94
2022-03-07,811590303.49
2022-03-08,781125762.94
2022-03-09,796293954.38
2022-03-10,845835376.15
2022-03-11,798976315.72
2022-03-12,775858890.75
2022-03-13,778447117.00
2022-03-14,750962632.40
2022-03-15,763929203.83
2022-03-16,769945895.50
2022-03-17,804156691.77
2022-03-18,831904713.08
2022-03-19,881816186.67
2022-03-20,891109470.59
2022-03-21,842191037.75
2022-03-22,861877767.52
2022-03-23,887061626.07
2022-03-24,933499326.59
2022-03-25,933887858.40
2022-03-26,894878654.65
2022-03-27,942247297.73
2022-03-28,1021618164.54
2022-03-29,1019373786.94
2022-03-30,1100002181.38
2022-03-31,1105746443.33
2022-04-01,1027403035.69
2022-04-02,1097391313.76
2022-04-03,1135079086.93
2022-04-04,1154888805.54
2022-04-05,1139781251.64
2022-04-06,1109903153.61
2022-04-07,986500134.95
2022-04-08,998742403.72
2022-04-09,914586393.31
2022-04-10,970032348.24
2022-04-11,951994156.28
2022-04-12,850990891.01
2022-04-13,870800601.38
2022-04-14,899691966.60
2022-04-15,875360506.92
2022-04-16,872800634.60
2022-04-17,878306885.26
2022-04-18,867020068.95
2022-04-19,856390159.21
2022-04-20,905515138.31
2022-04-21,913101898.26
2022-04-22,860311273.50
2022-04-23,982471414.00
2022-04-24,1051478289.71
2022-04-25,1057899309.13
2022-04-26,1075490735.37
2022-04-27,927741586.79
2022-04-28,974414284.45
2022-04-29,938071484.71
2022-04-30,875552555.75
2022-05-01,781369286.91
2022-05-02,812803107.46
2022-05-03,828830159.17
2022-05-04,846296236.95
2022-05-05,1023014286.64
2022-05-06,959249304.38
2022-05-07,903946267.93
2022-05-08,878856759.47
2022-05-09,920089629.01
2022-05-10,758061308.14
2022-05-11,776038084.89
2022-05-12,576402122.83
2022-05-13,514009397.11
2022-05-14,513585407.75
2022-05-15,553657466.66
2022-05-16,586649514.47
2022-05-17,537183458.99
2022-05-18,547037787.25
2022-05-19,481084537.19
2022-05-20,419655751.76
2022-05-21,447615880.39
2022-05-22,477401317.92
2022-05-23,501842233.05
2022-05-24,510260621.77
2022-05-25,491396677.01
2022-05-26,483025097.71
2022-05-27,477102214.03
2022-05-28,459459129.72
2022-05-29,481224628.30
2022-05-30,491598761.80
2022-05-31,541578724.68
2022-06-01,546257805.89
2022-06-02,501722357.67
2022-06-03,492383660.66
2022-06-04,459107869.92
2022-06-05,461024861.96
2022-06-06,475402555.09
2022-06-07,505258166.61
2022-06-08,469004861.76
2022-06-09,450696201.80
2022-06-10,450580545.72
2022-06-11,401698624.39
2022-06-12,354729784.25
2022-06-13,342232861.79
2022-06-14,276328110.31
2022-06-15,283787609.18
2022-06-16,300006739.23
2022-06-17,258656410.47
2022-06-18,260979542.25
2022-06-19,228315641.44
2022-06-20,253162833.53
2022-06-21,276652477.17
2022-06-22,284184568.79
2022-06-23,274768312.57
2022-06-24,324434916.56
2022-06-25,336872802.90
2022-06-26,320644199.05
2022-06-27,297638904.82
2022-06-28,287960998.64
2022-06-29,273700750.48
2022-06-30,276052641.06
2022-07-01,262457330.15
2022-07-02,296733736.85
2022-07-03,304701103.23
2022-07-04,311565592.99
2022-07-05,338613938.49
2022-07-06,378676567.16
2022-07-07,376866616.57
2022-07-08,408398334.34
2022-07-09,401424475.86
2022-07-10,399590096.66
2022-07-11,373589443.50
2022-07-12,348017491.00
2022-07-13,347864561.23
2022-07-14,411046824.86
2022-07-15,461508649.46
2022-07-16,434068475.74
2022-07-17,460155733.60
2022-07-18,427648919.32
2022-07-19,525060116.92
2022-07-20,487225889.45
2022-07-21,456271243.69
2022-07-22,551226816.90
2022-07-23,562068030.13
2022-07-24,546412533.46
2022-07-25,541710844.01
2022-07-26,466256200.50
2022-07-27,452801650.52
2022-07-28,520071709.31
2022-07-29,601383839.70
2022-07-30,569090943.08
2022-07-31,531541605.86
2022-08-01,517359782.32
2022-08-02,512239165.43
2022-08-03,532450718.85
2022-08-04,520907692.86
2022-08-05,521572229.68
2022-08-06,560218903.68
2022-08-07,540880257.16
2022-08-08,547151139.34
2022-08-09,559707678.04
2022-08-10,505725521.80
2022-08-11,542084718.27
2022-08-12,533763864.28
2022-08-13,554373674.82
2022-08-14,561746873.02
2022-08-15,544598908.92
2022-08-16,522811100.51
2022-08-17,505750446.90
2022-08-18,464415038.91
2022-08-19,437147791.26
2022-08-20,413392668.37
2022-08-21,391513664.52
2022-08-22,405097309.52
2022-08-23,431175189.02
2022-08-24,464949664.37
2022-08-25,461861299.87
2022-08-26,462795798.10
2022-08-27,411740572.26
2022-08-28,412503965.10
2022-08-29,391836204.52
2022-08-30,424166480.04
2022-08-31,418180795.78
2022-09-01,451330179.96
2022-09-02,453242264.77
2022-09-03,426267605.80
2022-09-04,419719962.38
2022-09-05,426752567.39
2022-09-06,451534262.21
2022-09-07,406674647.33
2022-09-08,458673587.96
2022-09-09,442090060.70
2022-09-10,471329750.04
2022-09-11,488859750.86
2022-09-12,462998715.74
2022-09-13,445795054.47
2022-09-14,413267410.99
2022-09-15,418700862.74
2022-09-16,412627469.08
2022-09-17,412318532.22
2022-09-18,423780047.39
2022-09-19,370280018.66
2022-09-20,386827148.39
2022-09-21,370894638.84
2022-09-22,337607400.05
2022-09-23,359395601.06
2022-09-24,370784471.63
2022-09-25,360565021.71
2022-09-26,347612249.18
2022-09-27,362280752.59
2022-09-28,359573575.37
2022-09-29,367871131.74
2022-09-30,364004402.87
2022-10-01,358628317.13
2022-10-02,349693528.39
2022-10-03,338691363.00
2022-10-04,352687442.59
2022-10-05,357846634.40
2022-10-06,354164385.53
2022-10-07,348858128.92
2022-10-08,346824721.66
2022-10-09,346099414.58
2022-10-10,346916963.08
2022-10-11,334721854.93
2022-10-12,320376576.95
2022-10-13,322242843.79
2022-10-14,313864369.03
2022-10-15,317832999.44
2022-10-16,316394012.05
2022-10-17,320456680.09
2022-10-18,486268229.77
2022-10-19,498585236.69
2022-10-20,464117773.76
2022-10-21,460493712.93
2022-10-22,499726791.78
2022-10-23,491143100.38
2022-10-24,514548156.89
2022-10-25,489581600.29
2022-10-26,510271403.58
2022-10-27,523151137.67
2022-10-28,513434149.60
2022-10-29,530134779.57
2022-10-30,521683340.83
2022-10-31,511155556.29
2022-11-01,499673871.65
2022-11-02,504257916.67
2022-11-03,488953982.16
2022-11-04,510017119.16
2022-11-05,579998666.13
2022-11-06,566436739.49
2022-11-07,543122793.56
2022-11-08,571169132.11
2022-11-09,444610572.65
2022-11-10,347288568.52
2022-11-11,435135768.59
2022-11-12,417307130.53
2022-11-13,380138207.29
2022-11-14,399528424.42
2022-11-15,385936502.79
2022-11-16,384095884.88
2022-11-17,373511295.90
2022-11-18,351091838.78
2022-11-19,353640175.64
2022-11-20,345184191.17
2022-11-21,325487937.54
2022-11-22,319208710.52
2022-11-23,403122266.51
2022-11-24,440047983.80
2022-11-25,439206036.45
2022-11-26,432347301.71
2022-11-27,448025270.94
2022-11-28,445560289.87
2022-11-29,419666017.59
2022-11-30,432186668.62
2022-12-01,438074244.53
2022-12-02,415583167.19
2022-12-03,428271493.03
2022-12-04,415203548.89
2022-12-05,436731577.17
2022-12-06,439246030.87
2022-12-07,440825448.93
2022-12-08,426483638.12
2022-12-09,433528925.83
2022-12-10,419233782.75
2022-12-11,413428789.63
2022-12-12,408924615.77
2022-12-13,403456919.39
2022-12-14,425642370.22
2022-12-15,421735563.03
2022-12-16,401246613.56
2022-12-17,352221408.06
2022-12-18,365141725.92
2022-12-19,360988134.94
2022-12-20,338327349.74
2022-12-21,344864895.25
2022-12-22,336305746.67
2022-12-23,342010079.51
2022-12-24,340956189.74
2022-12-25,341709457.95
2022-12-26,339791378.93
2022-12-27,349417958.95
2022-12-28,343650608.14
2022-12-29,332130889.08
2022-12-30,333426247.35
2022-12-31,343821487.51
2023-01-01,342890574.99
2023-01-02,344355191.76
2023-01-03,347706310.57
2023-01-04,345669297.06
2023-01-05,361219101.83
2023-01-06,353913432.94
2023-01-07,355868867.42
2023-01-08,359218675.51
2023-01-09,371922342.89
2023-01-10,419764862.81
2023-01-11,423551983.09
2023-01-12,435962295.32
2023-01-13,448702449.06
2023-01-14,522016776.26
2023-01-15,532378295.43
2023-01-16,540582858.27
2023-01-17,564139698.83
2023-01-18,593171994.97
2023-01-19,587027101.12
2023-01-20,651615728.51
2023-01-21,743457784.61
2023-01-22,716730725.57
2023-01-23,777610897.37
2023-01-24,771151583.77
2023-01-25,716455838.19
2023-01-26,747565477.55
2023-01-27,759925029.27
2023-01-28,824209006.90
2023-01-29,775108281.54
2023-01-30,790378017.16
2023-01-31,719070818.87
2023-02-01,737834230.80
2023-02-02,826663362.15
2023-02-03,790948472.75
2023-02-04,832985282.32
2023-02-05,829601233.29
2023-02-06,785010816.08
2023-02-07,781635908.84
2023-02-08,815965392.99
2023-02-09,849815965.27
2023-02-10,725621161.77
2023-02-11,719527183.87
2023-02-12,718025075.52
2023-02-13,694682434.12
2023-02-14,794068307.60
2023-02-15,810603812.87
2023-02-16,858076909.26
2023-02-17,824672649.24
2023-02-18,911354352.68
2023-02-19,938844580.24
2023-02-20,906241457.52
2023-02-21,946692382.32
2023-02-22,868158727.12
2023-02-23,831259199.03
2023-02-24,808045482.39
2023-02-25,754881302.50
2023-02-26,738684874.21
2023-02-27,766433810.02
2023-02-28,763989750.66
2023-03-01,746718568.67
2023-03-02,779956174.86
2023-03-03,747610546.48
2023-03-04,704438394.66
2023-03-05,686667119.41
2023-03-06,700870126.38
2023-03-07,717080492.72
2023-03-08,735147751.10
2023-03-09,669915667.18
2023-03-10,631817640.13
2023-03-11,670900160.42
2023-03-12,652383274.60
2023-03-13,715387798.68
2023-03-14,753490925.20
2023-03-15,763810756.19
2023-03-16,687637387.76
2023-03-17,708555593.30
2023-03-18,775232466.91
2023-03-19,767661718.13
2023-03-20,797201659.61
2023-03-21,746430888.87
2023-03-22,770409409.75
2023-03-23,728649424.25
2023-03-24,749380578.60
2023-03-25,703383082.09
2023-03-26,710977869.72
2023-03-27,722798424.52
2023-03-28,686761463.73
2023-03-29,710772298.96
2023-03-30,727189814.78
2023-03-31,711429563.69
2023-04-01,723557355.57
2023-04-02,715066577.99
2023-04-03,700929767.43
2023-04-04,715529688.70
2023-04-05,791684555.92
2023-04-06,798264116.97
2023-04-07,804524004.33
2023-04-08,813044125.66
2023-04-09,816892113.89
2023-04-10,807643851.23
2023-04-11,819761014.66
2023-04-12,813591946.89
2023-04-13,821460674.45
2023-04-14,852825559.35
2023-04-15,872245775.69
2023-04-16,873681440.37
2023-04-17,886969832.29
2023-04-18,844028013.98
2023-04-19,864972481.64
2023-04-20,768536797.45
2023-04-21,760240146.65
2023-04-22,742774046.09
2023-04-23,756970751.93
2023-04-24,762574929.50
2023-04-25,748940891.54
2023-04-26,760660077.91
2023-04-27,743232774.51
2023-04-28,763963526.41
2023-04-29,749117956.69
2023-04-30,758043350.08
2023-05-01,739924873.05
2023-05-02,716421024.76
2023-05-03,736164135.19
2023-05-04,788613618.45
2023-05-05,754125939.36
2023-05-06,775616086.10
2023-05-07,733097240.83
2023-05-08,724752181.09
2023-05-09,676955624.03
2023-05-10,680250454.25
2023-05-11,683236399.26
2023-05-12,651878368.07
2023-05-13,664726767.65
2023-05-14,661948361.70
2023-05-15,656735443.74
2023-05-16,676317083.11
2023-05-17,678971175.46
2023-05-18,683306955.80
2023-05-19,677587224.97
2023-05-20,678303921.99
2023-05-21,678599944.44
2023-05-22,684830862.49
2023-05-23,695650475.53
2023-05-24,707680786.81
2023-05-25,684179465.28
2023-05-26,675485363.55
2023-05-27,700697330.54
2023-05-28,695506091.12
2023-05-29,707596661.22
2023-05-30,700198880.91
2023-05-31,688825259.47
2023-06-01,669941075.90
2023-06-02,666327341.76
2023-06-03,702900650.22
2023-06-04,701312138.00
2023-06-05,697905161.32
2023-06-06,639522183.65
2023-06-07,653340227.78
2023-06-08,616421782.91
2023-06-09,623020984.59
2023-06-10,617779291.57
2023-06-11,572628891.39
2023-06-12,568710325.39
2023-06-13,541884693.59
2023-06-14,552494393.85
2023-06-15,488762360.30
2023-06-16,516396716.29
2023-06-17,531076881.20
2023-06-18,529062586.17
2023-06-19,532472729.83
2023-06-20,537826226.81
2023-06-21,565411867.04
2023-06-22,588128327.34
2023-06-23,572564790.09
2023-06-24,590312029.08
2023-06-25,572723726.31
2023-06-26,603765433.37
2023-06-27,581109290.01
2023-06-28,595006297.18
2023-06-29,568289279.37
2023-06-30,615753562.58
2023-07-01,658047894.89
2023-07-02,672974378.23
2023-07-03,660112648.59
2023-07-04,679352122.45
2023-07-05,702553096.37
2023-07-06,679456168.16
2023-07-07,634383604.57
2023-07-08,683778409.41
2023-07-09,674338375.95
2023-07-10,689429539.89
2023-07-11,699972222.64
2023-07-12,690299440.04
2023-07-13,681744717.18
2023-07-14,733636160.37
2023-07-15,713500589.28
2023-07-16,714108364.58
2023-07-17,704430825.23
2023-07-18,703938849.48
2023-07-19,681769728.64
2023-07-20,677765356.69
2023-07-21,684983812.00
2023-07-22,670128812.72
2023-07-23,654232105.77
2023-07-24,662455831.15
2023-07-25,635228647.97
2023-07-26,633925873.07
2023-07-27,637937908.65
2023-07-28,636269696.97
2023-07-29,638698282.31
2023-07-30,646399369.10
2023-07-31,554826865.79
2023-08-01,508074733.57
2023-08-02,540559616.81
2023-08-03,511386713.53
2023-08-04,512996855.33
2023-08-05,535794318.02
2023-08-06,541014451.60
2023-08-07,531371796.27
2023-08-08,533724312.04
2023-08-09,522268328.30
2023-08-10,536441188.32
2023-08-11,529097417.12
2023-08-12,518842478.32
2023-08-13,508578993.72
2023-08-14,502760477.38
2023-08-15,506643374.75
2023-08-16,476968106.53
2023-08-17,464239553.33
2023-08-18,421681990.52
2023-08-19,421292129.80
2023-08-20,429617136.97
2023-08-21,427375805.18
2023-08-22,411305458.64
2023-08-23,404902503.14
2023-08-24,399663363.55
2023-08-25,386601470.86
2023-08-26,388490974.93
2023-08-27,388198890.67
2023-08-28,396432554.30
2023-08-29,422190841.78
2023-08-30,418301822.62
2023-08-31,410157521.56
2023-09-01,392818733.53
2023-09-02,381607066.53
2023-09-03,380384921.66
2023-09-04,378591756.50
2023-09-05,378537513.42
2023-09-06,385292939.49
2023-09-07,390594900.06
2023-09-08,386516715.47
2023-09-09,382343256.26
2023-09-10,384257104.56
2023-09-11,370657814.51
2023-09-12,356645402.44
2023-09-13,351545796.64
2023-09-14,365937371.46
2023-09-15,367822604.85
2023-09-16,381834239.19
2023-09-17,383395471.31
2023-09-18,379043775.31
2023-09-19,373941867.31
2023-09-20,390207548.46
2023-09-21,388478661.95
2023-09-22,390445628.65
2023-09-23,430808916.53
2023-09-24,415428113.81
2023-09-25,452305577.85
2023-09-26,457492686.25
2023-09-27,460319236.00
2023-09-28,454242914.10
2023-09-29,453873060.18
2023-09-30,457071831.76
2023-10-01,453541673.43
2023-10-02,471901000.66
2023-10-03,440414478.91
2023-10-04,429595259.89
2023-10-05,425498738.98
2023-10-06,410801677.11
2023-10-07,416960703.08
2023-10-08,415180858.68
2023-10-09,417782797.98
2023-10-10,397185774.10
2023-10-11,383768639.64
2023-10-12,382266960.87
2023-10-13,379524523.61
2023-10-14,394905572.56
2023-10-15,393370412.49
2023-10-16,394268749.80
2023-10-17,403387540.57
2023-10-18,389279568.26
2023-10-19,380204220.74
2023-10-20,368405463.76
2023-10-21,376241910.92
2023-10-22,391828769.71
2023-10-23,399835525.14
2023-10-24,420711075.82
2023-10-25,427353658.86
2023-10-26,426718133.90
2023-10-27,426578340.62
2023-10-28,417970263.12
2023-10-29,430134487.15
2023-10-30,440467399.88
2023-10-31,437316861.55
2023-11-01,429924174.82
2023-11-02,465965281.05
2023-11-03,457636587.15
2023-11-04,477293404.82
2023-11-05,499666634.51
2023-11-06,510297530.71
2023-11-07,515740844.44
2023-11-08,507998992.49
2023-11-09,521402803.55
2023-11-10,500953926.97
2023-11-11,547104727.73
2023-11-12,562351246.57
2023-11-13,575845892.48
2023-11-14,529365879.72
2023-11-15,523278273.38
2023-11-16,558502700.92
2023-11-17,522350998.85
2023-11-18,520381765.00