Substance;EDGAR Country Code;Country;1990;1991;1992;1993;1994;1995;1996;1997;1998;1999;2000;2001;2002;2003;2004;2005;2006;2007;2008;2009;2010;2011;2012;2013;2014;2015;2016;2017;2018;2019;2020;2021;2022
CO2;ABW;Aruba;0,093471292;0,09849099;0,103218745;0,097050738;0,099128235;0,106855794;0,069570012;0,106597525;0,106977856;0,102404652;0,074161985;0,07348634;0,079610578;0,091433843;0,088015047;0,096803859;0,103019076;0,110011599;0,107085521;0,131998947;0,133337418;0,078934106;0,10673457;0,115619417;0,118461207;0,114797587;0,116795852;0,104161173;0,106899738;0,122983685;0,128353085;0,105767784;0,094146157
CO2;AFG;Afghanistan;0,094548388;0,101383388;0,06068518;0,077302468;0,094959089;0,056064539;0,057971681;0,060368117;0,063738008;0,064835623;0,057275131;0,056023464;0,036180022;0,036178128;0,031644115;0,040404494;0,042477152;0,052125134;0,097940873;0,129874146;0,141574;0,205728981;0,157349617;0,127254112;0,118014858;0,122507514;0,10905088;0,114397788;0,107525189;0,094807687;0,071289398;0,092701446;0,093302385
CO2;AGO;Angola;0,164742737;0,171108906;0,187014898;0,246363328;0,230244439;0,22569967;0,24047217;0,234509895;0,232659068;0,240935116;0,214192091;0,201577637;0,174534026;0,184412676;0,169689555;0,1322737;0,124221029;0,112291136;0,114217937;0,123828429;0,127800079;0,12831968;0,11982463;0,131328892;0,136870117;0,145461308;0,139891371;0,119901827;0,114588797;0,118564695;0,102793394;0,105699576;0,096035342
CO2;AIA;Anguilla;0,024729646;0,039857308;0,031428805;0,038148938;0,048995916;0,060998789;0,062552307;0,052628613;0,041989206;0,036520377;0,050770846;0,052486742;0,040296921;0,044220103;0,037295652;0,031317403;0,027723729;0,022627703;0,027758278;0,051200431;0,062944048;0,068276342;0,073843143;0,092174944;0,096833334;0,112299701;0,125703897;0,148668854;0,187873051;0,122306011;0,107834823;0,098602277;0,090136584
CO2;ALB;Albania;0,419026004;0,383600484;0,223042246;0,191501385;0,186461492;0,145310473;0,132203156;0,114138905;0,127040383;0,1810432;0,177412067;0,17451173;0,194466963;0,193700684;0,192417989;0,171371105;0,161289924;0,156227338;0,143626367;0,141613766;0,145578899;0,154496725;0,13926046;0,145043454;0,152408698;0,142281288;0,128107144;0,145769656;0,138137054;0,127189117;0,11418586;0,106195393;0,104264978
CO2;ANT;Curaçao;0,939299715;0,951447182;0,975184124;0,790647401;0,864657985;0,84061654;0,821479623;1,5472379;1,538469549;1,46005347;1,479643366;1,487092398;1,419385015;1,41705634;1,467840164;1,529717137;1,471590449;1,555098479;1,506992963;1,436650849;1,046943219;1,339818148;1,36171893;1,258715039;1,404949818;1,41809553;1,238206635;1,016655442;0,838005158;0,67226009;0,675218398;0,623922302;0,570053369
CO2;ARE;United Arab Emirates;0,282419468;0,318571628;0,297746146;0,310013589;0,319331566;0,319264388;0,315382507;0,30379478;0,310733532;0,311344656;0,278652428;0,314621738;0,314024967;0,303384365;0,292680796;0,297197065;0,281034653;0,293678731;0,340877191;0,362134954;0,370690301;0,357362025;0,357803828;0,358821376;0,349765365;0,342055945;0,332722819;0,317887131;0,287327209;0,300261664;0,319837917;0,328374114;0,311915474
CO2;ARG;Argentina;0,215725865;0,208258525;0,196466775;0,188238588;0,18342954;0,191402957;0,197644464;0,188884296;0,19172359;0,201216931;0,198205418;0,198781599;0,210089711;0,210732022;0,214563218;0,202201929;0,198309612;0,19250689;0,190755607;0,187547523;0,182822133;0,181174389;0,184600622;0,185913048;0,186873067;0,18769269;0,189423612;0,181307268;0,184056358;0,178996673;0,183628495;0,184003163;0,177333987
CO2;ARM;Armenia;1,124218591;1,326300537;1,15939158;0,592906255;0,310184398;0,365886514;0,253181753;0,315329632;0,305718902;0,264547724;0,287269624;0,266783046;0,201163405;0,197466934;0,193554363;0,201730468;0,1775347;0,181027249;0,185577851;0,172192996;0,160890295;0,175290225;0,189042731;0,176934437;0,17050686;0,161051632;0,153038987;0,150819126;0,151730371;0,15307994;0,178882455;0,174888247;0,141837668
CO2;ATG;Antigua and Barbuda;0,159606987;0,158471292;0,158029865;0,147146664;0,146156259;0,160678253;0,149813171;0,148552836;0,145184506;0,135680011;0,089133875;0,09324589;0,102543883;0,106206815;0,103257152;0,099879049;0,098625182;0,100655414;0,108267545;0,142325976;0,16252224;0,128010111;0,136840689;0,165356546;0,164751949;0,158000104;0,160455452;0,133851813;0,144343118;0,154315574;0,158971649;0,144055161;0,137997539
CO2;AUS;Australia;0,523891695;0,529918618;0,534003352;0,52055075;0,509999775;0,508144451;0,505527205;0,501530389;0,508794529;0,493482542;0,482796933;0,48201918;0,474120162;0,459026701;0,456921096;0,445450101;0,440409351;0,435823888;0,424609316;0,42267114;0,418939634;0,406735242;0,391979068;0,375047606;0,357101943;0,355359476;0,354839323;0,349007356;0,338037687;0,330120887;0,317744002;0,303508199;0,296748844
CO2;AUT;Austria;0,213917208;0,22004182;0,199114174;0,198245713;0,195320646;0,199427758;0,206779355;0,201196073;0,195971667;0,18413445;0,179315122;0,189548501;0,190392548;0,201832662;0,199845414;0,196636396;0,184882094;0,171785858;0,168413819;0,159494382;0,169701743;0,161241736;0,153346279;0,154646908;0,145621154;0,147178498;0,145186517;0,146780368;0,13716591;0,138341067;0,135103388;0,135246617;0,120204619
CO2;AZE;Azerbaijan;0,995604594;0,976161896;1,026871327;1,174166097;1,299231259;1,428592054;1,181617558;1,086282715;0,988373808;0,909565442;0,866945936;0,751031782;0,680417392;0,67645029;0,612538177;0,508722982;0,383946112;0,278455865;0,278195093;0,212202846;0,192481349;0,21787386;0,23480266;0,228646507;0,232458637;0,2265326;0,23631976;0,234809021;0,237678502;0,252093249;0,253698751;0,254131653;0,242550495
CO2;BDI;Burundi;0,031683423;0,043197067;0,033667823;0,039806219;0,04300368;0,045524234;0,053454529;0,054250999;0,054730318;0,056359606;0,057119659;0,044218439;0,039666198;0,033174875;0,037809971;0,031416032;0,037557438;0,058602641;0,033123542;0,031578286;0,043959503;0,054157362;0,050197697;0,053780879;0,04674665;0,051770572;0,056634604;0,062015651;0,082815259;0,087566398;0,09501534;0,100597537;0,101243023
CO2;BEL;Belgium;0,32722607;0,332217603;0,321465097;0,31925131;0,326421922;0,319616996;0,32831471;0,308891669;0,310212417;0,289507405;0,283345743;0,282426583;0,261280745;0,269241068;0,256915196;0,245240021;0,233202938;0,218797202;0,220450405;0,210722558;0,219335393;0,196112994;0,191926815;0,193647978;0,178373313;0,183101635;0,17888341;0,173238108;0,171439356;0,167508023;0,163416966;0,161834915;0,145759879
CO2;BEN;Benin;0,036714635;0,03096024;0,032668552;0,031263266;0,031136383;0,029830244;0,077405006;0,092932683;0,086146932;0,089605382;0,090798567;0,103579088;0,11421006;0,123661928;0,126244126;0,135917706;0,18011709;0,193676718;0,183256472;0,192153362;0,2041403;0,193559397;0,175898705;0,172647147;0,178303131;0,186336306;0,220536112;0,212798501;0,227156425;0,208637654;0,212763041;0,214869729;0,209717876
CO2;BFA;Burkina Faso;0,037070156;0,048502327;0,041400767;0,041829941;0,045131601;0,043417129;0,043538514;0,065401573;0,057569431;0,054868637;0,059750113;0,064253978;0,064816472;0,066623987;0,057100308;0,055799841;0,053344669;0,07266838;0,079969259;0,073988555;0,073854486;0,077270848;0,085135407;0,094084064;0,082542709;0,112586922;0,103333602;0,110289257;0,116338978;0,119865465;0,114159709;0,116187068;0,119059819
CO2;BGD;Bangladesh;0,077187474;0,070875418;0,075215319;0,075883873;0,078925867;0,091635564;0,089154648;0,091869652;0,089270893;0,091259472;0,090447415;0,104240606;0,105660163;0,105654779;0,106063808;0,105986376;0,106821394;0,105468301;0,111232727;0,112581585;0,11819276;0,11819081;0,119167291;0,118636975;0,117745882;0,123629902;0,12665936;0,128194409;0,131120609;0,118421263;0,106588121;0,105201078;0,101739845
CO2;BGR;Bulgaria;0,73132812;0,64817662;0,667916024;0,687368336;0,643816362;0,640329315;0,611348925;0,686207066;0,634077473;0,609524584;0,560297298;0,563564311;0,502318507;0,536211716;0,484649062;0,462463079;0,446203688;0,446215916;0,397881996;0,351223753;0,368050725;0,399005234;0,360939083;0,323217156;0,340608114;0,346941802;0,318575329;0,324028009;0,296587291;0,274600328;0,252532439;0,272976411;0,288929674
CO2;BHR;Bahrain;0,625690568;0,542428253;0,598466697;0,573630765;0,585718475;0,572732146;0,570018305;0,569213371;0,575786208;0,555009829;0,54062467;0,54624983;0,552244365;0,537619764;0,503160601;0,552951421;0,565606281;0,530561034;0,534508044;0,521016615;0,52068889;0,513525339;0,515815005;0,520293156;0,516780864;0,506872845;0,489257902;0,473260201;0,4671016;0,495219343;0,51933411;0,519523316;0,497172109
CO2;BHS;Bahamas;0,106067343;0,101003643;0,090736151;0,09354625;0,097756672;0,108825155;0,116812997;0,108911136;0,13098961;0,100373448;0,076471135;0,07574623;0,079314958;0,060284535;0,065292327;0,06176118;0,074979406;0,090363395;0,095795667;0,083412387;0,093634538;0,062858739;0,075212237;0,087069951;0,085331133;0,079732526;0,087807005;0,092446319;0,110618844;0,123783561;0,137522762;0,113527192;0,103153786
CO2;BIH;Bosnia and Herzegovina;2,990923488;3,137083308;2,495570846;2,131858093;0,50697629;0,446972;0,296092623;0,436859142;0,478746029;0,430538491;0,500371769;0,48216198;0,482929659;0,476310452;0,472804393;0,478076512;0,503188434;0,501656538;0,522254188;0,538525699;0,547212323;0,616503336;0,573855353;0,558432719;0,494783157;0,475067165;0,519034694;0,512949661;0,495923923;0,452620324;0,465375172;0,419106408;0,404115286
CO2;BLR;Belarus;1,158978579;1,130801326;1,1317612;1,057103116;1,019099437;1,015858114;1,003079742;0,907671447;0,81733098;0,762984248;0,694387488;0,64857118;0,619864336;0,585652685;0,557262746;0,516517043;0,488798233;0,440330893;0,424370517;0,403074841;0,401365955;0,362623894;0,363894904;0,361264131;0,352601015;0,339675189;0,348125262;0,34621574;0,354347102;0,337390676;0,321904627;0,322623848;0,325867919
CO2;BLZ;Belize;0,102151757;0,105983443;0,078598615;0,072574138;0,068369486;0,077156899;0,063530091;0,104808979;0,102472863;0,111240359;0,060627208;0,059933546;0,055954153;0,054380599;0,048260453;0,05167472;0,056005659;0,053372203;0,052257769;0,063739001;0,074611147;0,048964212;0,053109718;0,067104789;0,061516055;0,068854695;0,071786373;0,077855773;0,072523211;0,073076894;0,072251869;0,072255975;0,068553325
CO2;BMU;Bermuda;0,060854892;0,057520504;0,045569385;0,049624405;0,047563621;0,046002077;0,045805729;0,044447469;0,043810652;0,041069946;0,026810709;0,025242776;0,028022106;0,028197937;0,028208331;0,029613718;0,034174969;0,040323573;0,041296915;0,03851839;0,050188346;0,026256083;0,033279421;0,038950494;0,053279116;0,042910391;0,057779364;0,049916061;0,059332222;0,065686956;0,065061781;0,060991005;0,061579435
CO2;BOL;Bolivia;0,208717786;0,207809599;0,22023262;0,252650664;0,260536135;0,224926355;0,208277789;0,218766101;0,196997883;0,1863718;0,177758803;0,168545914;0,175687651;0,182554446;0,184649276;0,186097915;0,192510813;0,205011904;0,20648769;0,213056876;0,221336669;0,228905137;0,230914085;0,229654516;0,233291144;0,228539175;0,235152303;0,229601624;0,222363785;0,217727266;0,201382917;0,224814255;0,219047629
CO2;BRA;Brazil;0,140182875;0,142688768;0,146069193;0,145458308;0,141405897;0,147046455;0,154985181;0,160075296;0,164577833;0,16856278;0,169875076;0,16909688;0,164305683;0,160402309;0,159981827;0,156127242;0,152251911;0,150852641;0,15098994;0,141405833;0,149916851;0,151443788;0,16054315;0,163772867;0,17070898;0,167364195;0,161389212;0,163227641;0,152567617;0,150481977;0,148829967;0,159438508;0,143630499
CO2;BRB;Barbados;0,153008684;0,153671461;0,157610236;0,148987359;0,139645173;0,140967442;0,133594162;0,151116651;0,160691333;0,161913531;0,134096832;0,134064526;0,140876226;0,145902123;0,14364436;0,140780257;0,140946365;0,134214857;0,156790021;0,166576852;0,175859302;0,148733361;0,14555323;0,174573196;0,154086135;0,156206679;0,162172041;0,132901777;0,156739101;0,172634298;0,171610643;0,168443804;0,158456695
CO2;BRN;Brunei;0,18105336;0,194724395;0,19569402;0,203320378;0,211479502;0,217968519;0,222217792;0,251181516;0,214952564;0,205080468;0,212236836;0,206053463;0,194891452;0,22548304;0,207242439;0,202743672;0,289053538;0,273626936;0,307522073;0,311278293;0,278306567;0,274676669;0,270895264;0,273264444;0,273858791;0,248409523;0,27600617;0,287107644;0,297955832;0,27531576;0,353112063;0,366414489;0,355906837
CO2;BTN;Bhutan;0,118212969;0,121246561;0,115836436;0,115469635;0,136414181;0,169062292;0,175611537;0,192173238;0,199801537;0,215263245;0,176058563;0,174494265;0,16976571;0,162312809;0,155351541;0,157141725;0,148848679;0,128735549;0,129535205;0,165830388;0,164509527;0,184710781;0,168292117;0,172578394;0,167099408;0,182016286;0,183472076;0,191152905;0,213641313;0,221161573;0,189521683;0,200113593;0,208669811
CO2;BWA;Botswana;0,229592669;0,211327329;0,249851223;0,241799613;0,223708125;0,217407161;0,185171787;0,182495012;0,216248491;0,207783686;0,207084411;0,199321666;0,198340702;0,187756374;0,179194302;0,185644147;0,164363657;0,163589656;0,161071944;0,177038523;0,130411492;0,144022038;0,124240553;0,175694385;0,215211035;0,224526006;0,199569937;0,211337809;0,223506617;0,194150732;0,176734721;0,174776996;0,201232879
CO2;CAF;Central African Republic;0,048048776;0,064494508;0,055663891;0,060169469;0,060349378;0,057254996;0,065246189;0,061916279;0,060316792;0,059307336;0,069903566;0,069857595;0,068342221;0,068043812;0,062912364;0,061288851;0,062383643;0,059549805;0,043700829;0,038509971;0,038183722;0,039316457;0,038341255;0,040295368;0,044133482;0,060568656;0,060374049;0,05951184;0,060127682;0,061633445;0,06198187;0,064270119;0,060403525
CO2;CAN;Canada;0,460157836;0,463621851;0,472926133;0,460024629;0,457257896;0,456805565;0,46270202;0,458009033;0,447822495;0,433797436;0,427961234;0,413714331;0,416389633;0,423519333;0,405662365;0,4001341;0,384962956;0,398500498;0,380869019;0,369835938;0,369328111;0,366048183;0,358179685;0,355588354;0,349320896;0,345198844;0,340801301;0,336992414;0,334393597;0,321226233;0,310487479;0,304899531;0,30542184
CO2;CHE;Switzerland and Liechtenstein;0,11856521;0,125843549;0,125781782;0,119746045;0,115776335;0,11729238;0,11818514;0,112280956;0,112607523;0,111417075;0,10528221;0,106949338;0,103266389;0,106292775;0,104721541;0,103309689;0,098356651;0,090626863;0,090859462;0,090239537;0,090694432;0,081317286;0,082864095;0,083290104;0,074615561;0,072192763;0,071709084;0,069040344;0,064918951;0,064013414;0,061259576;0,059963724;0,05798631
CO2;CHL;Chile;0,255087736;0,225499225;0,210548162;0,209081588;0,217195647;0,218519327;0,235171536;0,249275995;0,241403148;0,253409558;0,22582956;0,210515889;0,205806922;0,203953422;0,206504473;0,197753561;0,190094028;0,203205872;0,206031874;0,19939009;0,199861912;0,205368829;0,198789775;0,202336684;0,183563805;0,192523539;0,199200216;0,198342944;0,190834321;0,200724933;0,196713417;0,197857161;0,182987325
CO2;CHN;China;1,488604025;1,439371412;1,319439607;1,254794974;1,170449201;1,166295209;1,052830688;0,991629121;0,942133998;0,856618654;0,839784717;0,812875333;0,804205478;0,843917584;0,883327745;0,899856594;0,885799134;0,84281052;0,791787296;0,776410469;0,767767049;0,766200572;0,73261603;0,712454112;0,671037203;0,618800315;0,580053732;0,554438087;0,544233641;0,525468291;0,523452605;0,509950491;0,493183898
CO2;CIV;Côte d’Ivoire;0,057349453;0,059113936;0,059023995;0,062747531;0,065054743;0,066436306;0,077158411;0,085655661;0,079606354;0,105066831;0,100580549;0,103083609;0,112067607;0,092599187;0,092547797;0,097772132;0,093399002;0,09171186;0,097107448;0,086864703;0,092734945;0,094821752;0,11225596;0,110114328;0,10742898;0,107946179;0,101963082;0,102647241;0,098005152;0,098321628;0,09695995;0,097260949;0,092932681
CO2;CMR;Cameroon;0,11983787;0,118716857;0,117833903;0,13971294;0,14828108;0,144309057;0,141982696;0,136770615;0,135945477;0,125243168;0,129465334;0,12350405;0,116517227;0,112760769;0,103507712;0,098266357;0,095421231;0,107951157;0,110314251;0,117260057;0,116067182;0,106280803;0,102840808;0,108285689;0,111176065;0,10899242;0,110229107;0,108306384;0,111276193;0,105290105;0,106330419;0,106084449;0,096729515
CO2;COD;Democratic Republic of the Congo;0,053457934;0,032807837;0,031502287;0,035103111;0,057791074;0,053505021;0,059767747;0,063504302;0,064273224;0,062035333;0,05294806;0,05257054;0,053580845;0,061484843;0,055010468;0,058116365;0,056711347;0,058962239;0,056957168;0,05380218;0,052649275;0,056348915;0,047107273;0,06040774;0,070879538;0,042960939;0,032324419;0,036252289;0,033441093;0,035179698;0,035262051;0,034978209;0,031672955
CO2;COG;Congo;0,200820213;0,200088499;0,190288412;0,189810747;0,18390923;0,224882775;0,259452453;0,269002617;0,308310797;0,327744527;0,329586093;0,309464917;0,192787093;0,238078363;0,233547811;0,259187188;0,267038026;0,253027085;0,247390135;0,24584237;0,24076867;0,216012339;0,181394062;0,221512772;0,201451383;0,227483884;0,247893845;0,256677888;0,311404675;0,350385693;0,381054595;0,378470682;0,387949253
CO2;COK;Cook Islands;;;;;;;;;;;;;;;;;;;;;;;;;;;;;;;;;
CO2;COL;Colombia;0,192869878;0,194972582;0,194520012;0,195458931;0,183249221;0,182240071;0,175911526;0,184531946;0,186570625;0,169982483;0,173618962;0,169790099;0,159113791;0,15176959;0,144202362;0,141695345;0,130078786;0,125294809;0,121970043;0,126240407;0,124164039;0,125350525;0,121015738;0,12742306;0,125197409;0,123301479;0,124903012;0,112242351;0,114830786;0,111080282;0,119450294;0,111634145;0,108965048
CO2;COM;Comoros;0,031764766;0,041067038;0,032206446;0,030426905;0,032131161;0,031514139;0,033296604;0,032009729;0,039967242;0,039960818;0,060579124;0,062432797;0,062572277;0,079230417;0,084486003;0,079288911;0,092600949;0,060654266;0,058198847;0,068782003;0,079313994;0,067797704;0,068418965;0,077990682;0,068389421;0,074248098;0,081408796;0,09977113;0,106191635;0,116289426;0,11823721;0,126164077;0,126243995
CO2;CPV;Cabo Verde;0,082722199;0,10363468;0,092829963;0,083005943;0,08183922;0,070935581;0,076629737;0,068903604;0,062469201;0,057230513;0,148481089;0,164846323;0,172750406;0,165824867;0,163175871;0,237310347;0,240525685;0,236071526;0,214046876;0,207919193;0,220209715;0,242763519;0,207772558;0,200298725;0,212910689;0,213515886;0,20812192;0,208179631;0,204121326;0,196087793;0,246557707;0,249801763;0,222456855
CO2;CRI;Costa Rica;0,094074716;0,099484242;0,12258601;0,115053261;0,128446556;0,123099478;0,115453768;0,107862267;0,111900772;0,107175825;0,102352004;0,106575354;0,104885302;0,10844289;0,105751142;0,104766505;0,106052488;0,109328798;0,103506341;0,100200234;0,094048965;0,09580724;0,090622964;0,091887714;0,089982241;0,083731097;0,085116336;0,08317223;0,081717161;0,077367096;0,070790788;0,074524209;0,075571789
CO2;CUB;Cuba;0,235684628;0,205567048;0,184453715;0,198248534;0,202452331;0,210340428;0,211289807;0,225025221;0,220552105;0,213511334;0,204196556;0,189881126;0,178747149;0,167229788;0,155159254;0,144645471;0,131867331;0,126995003;0,11782508;0,117072941;0,119629076;0,114539203;0,115874227;0,113395649;0,103849772;0,108847692;0,100574937;0,095621691;0,094769895;0,084835146;0,088611745;0,085256948;0,087418143
CO2;CYM;Cayman Islands;0,047522617;0,049080226;0,053665781;0,043926575;0,054913575;0,05507709;0,054785378;0,049100448;0,045325769;0,045008406;0,038778912;0,040541193;0,046332643;0,042794289;0,043219672;0,037019122;0,036508027;0,045092235;0,049060769;0,054143657;0,060839855;0,049247145;0,048223788;0,056631833;0,056644471;0,056993493;0,057348274;0,058016835;0,057896921;0,075230673;0,067353525;0,062519724;0,057300314
CO2;CYP;Cyprus;0,31701138;0,350077458;0,340341649;0,353770223;0,348250516;0,314396408;0,329739691;0,325910779;0,321909565;0,318692608;0,311935892;0,294409178;0,291043042;0,310020598;0,29311288;0,283747988;0,274588309;0,270971932;0,26727172;0,266123593;0,248459942;0,239374733;0,230595744;0,223236729;0,240571635;0,233944003;0,231224921;0,222959376;0,20676922;0,195991192;0,19316493;0,198058553;0,188135112
CO2;CZE;Czechia;0,675667092;0,693146086;0,668248392;0,644760132;0,602774644;0,563342575;0,555221476;0,544050046;0,520885962;0,482914462;0,513996393;0,498777361;0,472119458;0,467849289;0,449709691;0,414304222;0,39166083;0,375079217;0,348959569;0,347540535;0,343137024;0,329387187;0,32043343;0,307815107;0,294558367;0,282027894;0,278719938;0,267100437;0,255933772;0,236088782;0,227893689;0,234294268;0,231530508
CO2;DEU;Germany;0,345821256;0,322073942;0,298899064;0,299245047;0,28751009;0,281808439;0,288546093;0,273923987;0,26815369;0,253346359;0,245535804;0,246051033;0,242218657;0,244712165;0,237681167;0,230448341;0,225547738;0,211163727;0,210517089;0,207079924;0,210513095;0,196057837;0,198387803;0,201850253;0,187794973;0,186582254;0,183510845;0,175326959;0,168078632;0,154919165;0,147849822;0,153532606;0,149578145
CO2;DJI;Djibouti;0,4907361;0,659636978;0,441140513;0,352820951;0,494544738;0,418519347;0,501089133;0,471791595;0,483957506;0,465830114;0,287416447;0,295230002;0,30666664;0,296971057;0,278857659;0,251695208;0,20967024;0,206872968;0,199462603;0,237173759;0,296668425;0,201996802;0,242675274;0,244779912;0,233257194;0,198695585;0,164355408;0,138757576;0,144733689;0,132229165;0,131543893;0,137276719;0,136054534
CO2;DMA;Dominica;0,036868909;0,036898458;0,036463372;0,065800364;0,085505798;0,095513721;0,102047099;0,096438359;0,051547262;0,088698624;0,079426444;0,080655267;0,074502998;0,079770574;0,082974151;0,08068477;0,080461925;0,091163594;0,081528275;0,08396083;0,085864856;0,067251906;0,063818899;0,074465607;0,076169382;0,081142973;0,083887153;0,078218689;0,088353642;0,090908541;0,092900602;0,083975516;0,082298585
CO2;DNK;Denmark;0,261321828;0,310127228;0,276731281;0,287904804;0,29155949;0,269200614;0,319584664;0,268680891;0,24653458;0,227687693;0,203696515;0,208095071;0,205329826;0,224977248;0,198725487;0,181749313;0,202315721;0,184286735;0,174055603;0,175115409;0,172293889;0,152267599;0,134819313;0,13960697;0,12329988;0,113386885;0,115075804;0,10522972;0,103153013;0,09106699;0,085261286;0,090040418;0,082734002
CO2;DOM;Dominican Republic;0,181899745;0,188690232;0,19687436;0,181093345;0,206247063;0,207473594;0,210540249;0,220065082;0,235796815;0,241310567;0,240769062;0,23655575;0,248542204;0,225201839;0,203651932;0,200657634;0,200870194;0,188536195;0,182257969;0,173095595;0,168141214;0,164942504;0,166464057;0,155865806;0,147053777;0,151015011;0,147509475;0,134910699;0,135746044;0,131192006;0,125030611;0,111950722;0,108026942
CO2;DZA;Algeria;0,301471987;0,323515231;0,352659258;0,361530457;0,353164446;0,351359466;0,332848373;0,322742911;0,307749197;0,310600165;0,309125145;0,294343051;0,294036445;0,294704782;0,281239736;0,281916285;0,291366502;0,288901798;0,295001264;0,29924023;0,294815744;0,302140537;0,326872068;0,327872464;0,33912896;0,347166251;0,329312756;0,332174126;0,346670747;0,354919872;0,355745119;0,366957596;0,352502082
CO2;ECU;Ecuador;0,206518106;0,198422007;0,204689754;0,195797115;0,196838439;0,211324231;0,239409751;0,23916916;0,227235049;0,211133528;0,212168131;0,224995186;0,216033193;0,21498109;0,209709523;0,214457985;0,219962396;0,219592546;0,213399536;0,230907305;0,240429798;0,225116723;0,214079722;0,217046541;0,220495298;0,218835756;0,214765064;0,203612257;0,209162904;0,206373889;0,195887624;0,226312199;0,23586503
CO2;EGY;Egypt;0,254036139;0,257144356;0,256051417;0,249692435;0,22896257;0,234080083;0,239036915;0,2411398;0,241159247;0,244963262;0,227652944;0,242730295;0,243381501;0,240552752;0,250744551;0,266908999;0,264511514;0,264104572;0,24655087;0,245240025;0,234798985;0,238996817;0,248300422;0,238605042;0,23625985;0,232484243;0,232756474;0,240023424;0,22846117;0,188331391;0,177078771;0,187574162;0,187494729
CO2;ERI;Eritrea;0,084636165;0,108864834;0,144353312;0,176555839;0,160891375;0,167038986;0,164843722;0,142444363;0,104923183;0,109913041;0,109544045;0,10805192;0,101895686;0,099156932;0,0974864;0,077562518;0,068326918;0,063997261;0,060835045;0,060414022;0,062786073;0,067519294;0,063727012;0,055975999;0,053612467;0,050184008;0,050450287;0,047212746;0,051433784;0,049913191;0,048030168;0,051012015;0,05054716
CO2;ESH;Western Sahara;;;;;;;;;;;;;;;;;;;;;;;;;;;;;;;;;
CO2;ESP;Spain and Andorra;0,216308319;0,2176207;0,223282357;0,212327878;0,217032663;0,222009507;0,208494905;0,217030886;0,214054619;0,221296985;0,22174091;0,213841231;0,219831971;0,218884124;0,222028544;0,223217344;0,209326198;0,209420545;0,190059915;0,174859603;0,167155006;0,169754635;0,171319524;0,157582243;0,153844709;0,157356518;0,147820273;0,152514356;0,145562366;0,133752798;0,127288985;0,128677573;0,134108411
CO2;EST;Estonia;1,438667934;1,427082199;1,306784376;1,136947412;1,187886132;1,037000073;1,04381767;0,939010855;0,815757512;0,753744382;0,694099425;0,671201925;0,601783321;0,627094827;0,597890124;0,548856942;0,482177131;0,534413785;0,51007696;0,497561329;0,624312806;0,584911798;0,537005195;0,589445763;0,548893664;0,489608712;0,474607798;0,476342617;0,483117554;0,306649635;0,241921706;0,225808491;0,213261052
CO2;ETH;Ethiopia;0,059517114;0,063465217;0,05443576;0,061258245;0,068632865;0,073220326;0,073448509;0,074470638;0,081966643;0,076933024;0,080421017;0,091709959;0,092867074;0,101451695;0,097320235;0,083103822;0,079385957;0,078057289;0,076121724;0,070351669;0,06222714;0,064867354;0,067701645;0,071183131;0,078648892;0,075497954;0,082041861;0,077210793;0,07734202;0,073810956;0,071352244;0,073675497;0,071843522
CO2;FIN;Finland;0,342232314;0,367976531;0,361726769;0,372510652;0,401986296;0,36499767;0,387984872;0,353234698;0,317746083;0,300997507;0,27729;0,298436484;0,303243025;0,335447245;0,306286197;0,245921829;0,283781989;0,262032607;0,227821561;0,236947398;0,265798067;0,228956326;0,208625741;0,214982254;0,199667524;0,184870933;0,190916689;0,173915557;0,177987075;0,162927537;0,148965772;0,144673552;0,135455156
CO2;FJI;Fiji;0,16159172;0,142240039;0,140346774;0,143032531;0,144263166;0,147496193;0,148757411;0,163493944;0,162149734;0,157508184;0,206475956;0,213839094;0,168948505;0,195840809;0,241269324;0,209520707;0,220322309;0,194842659;0,144881597;0,124979704;0,190036172;0,136251181;0,129777252;0,140120703;0,150886267;0,151685941;0,145604967;0,151536746;0,152046261;0,161802164;0,157387032;0,172837187;0,152198852
CO2;FLK;Falkland Islands;;;;;;;;;;;;;;;;;;;;;;;;;;;;;;;;;
CO2;FRA;France and Monaco;0,195495577;0,205942383;0,19609343;0,187572271;0,181098938;0,181570482;0,186110829;0,178056623;0,18155792;0,172815615;0,165241645;0,16376281;0,159777361;0,160310018;0,156150578;0,15441768;0,146833436;0,140770662;0,13799744;0,13737491;0,13740349;0,129709132;0,130000011;0,127321077;0,114604497;0,115080675;0,11488147;0,113504785;0,107840729;0,103945455;0,10033972;0,106539768;0,100850652
CO2;FRO;Faroes;;;;;;;;;;;;;;;;;;;;;;;;;;;;;;;;;
CO2;GAB;Gabon;0,357146344;0,26899497;0,279713891;0,275066599;0,263253428;0,281870036;0,303797011;0,274417822;0,303588789;0,317354494;0,324166704;0,323997339;0,311857537;0,346028321;0,310064249;0,291313309;0,267615182;0,228913076;0,252487818;0,248939573;0,254187727;0,231850427;0,222945299;0,217781458;0,215287604;0,213000723;0,213582755;0,182940007;0,171512222;0,171777963;0,177440181;0,173219165;0,165543259
CO2;GBR;United Kingdom;0,32417121;0,332943417;0,323601101;0,307027627;0,292986659;0,281849916;0,286006689;0,262221082;0,254934126;0,245786088;0,239149528;0,240082727;0,229282524;0,227952632;0,22262533;0,215910199;0,21154268;0,20256047;0,197038474;0,187087991;0,188647786;0,171750527;0,177734581;0,16974366;0,150921735;0,142346998;0,132596718;0,124512254;0,120527505;0,113714093;0,114479072;0,112541349;0,108602579
CO2;GEO;Georgia;0,644866007;0,627384514;0,893965704;1,012010298;0,728087059;0,557440547;0,397245264;0,314768992;0,275839165;0,248206861;0,259888977;0,179661051;0,14872328;0,145802642;0,15097139;0,16926334;0,170149117;0,178366903;0,152416975;0,182511689;0,167174619;0,18835543;0,1932793;0,205284501;0,211992471;0,221306912;0,222633965;0,216730656;0,205478271;0,210428273;0,218524567;0,207703143;0,189973071
CO2;GHA;Ghana;0,088145399;0,077621209;0,088216968;0,086802828;0,089445562;0,09231907;0,095774645;0,096692616;0,125415922;0,131102948;0,112445717;0,116777414;0,131781452;0,117635073;0,104074113;0,103868475;0,11845022;0,119893945;0,104299924;0,114275556;0,118572677;0,112213321;0,123896649;0,122756649;0,115011921;0,118554521;0,117613594;0,113185992;0,1201217;0,119202874;0,129476252;0,134858071;0,13272359
CO2;GIB;Gibraltar;0,408017357;0,566847339;0,657826998;0,628808432;0,703159516;0,652256244;0,634620309;0,606810981;0,605259555;0,603842577;0,59459611;0,57404564;0,561320191;0,540369318;0,558475565;0,546159744;0,536148104;0,502028172;0,508488991;0,577403461;0,568062717;0,532359124;0,527787142;0,535689194;0,553793621;0,587184288;0,561328895;0,539632707;0,527814586;0,510551859;0,220104193;0,218573845;0,22641406
CO2;GIN;Guinea;0,100490884;0,096267764;0,083519623;0,081676939;0,080032247;0,077211088;0,076938461;0,073893188;0,07387146;0,072936266;0,10704515;0,109306744;0,111178191;0,115727249;0,116277212;0,107860317;0,113613574;0,110803634;0,113253726;0,119308416;0,132904091;0,13118619;0,118119278;0,101902557;0,103867079;0,119869539;0,118528765;0,106869282;0,102430686;0,100840504;0,097737599;0,102392213;0,101628703
CO2;GLP;Guadeloupe;;;;;;;;;;;;;;;;;;;;;;;;;;;;;;;;;
CO2;GMB;The Gambia;0,057608862;0,070647631;0,058124635;0,058932716;0,0677403;0,06341254;0,064703851;0,061628401;0,064687096;0,061954799;0,091850657;0,095235594;0,10137757;0,096111344;0,09410475;0,097598097;0,10918239;0,111322398;0,106054621;0,108442372;0,105819282;0,119294678;0,109512944;0,10605681;0,117956149;0,118172919;0,113272888;0,107716935;0,102436106;0,101725288;0,102619682;0,106468039;0,106354628
CO2;GNB;Guinea-Bissau;0,08842959;0,106917233;0,094714288;0,099375617;0,096275756;0,093762899;0,083564591;0,082190982;0,11660403;0,117602325;0,100365425;0,101181043;0,106987186;0,125313902;0,125773254;0,122797797;0,126792852;0,130134997;0,119887137;0,120541842;0,119109054;0,11020988;0,113701125;0,112388888;0,116600327;0,115664447;0,110117272;0,082338078;0,082619648;0,081738543;0,08498949;0,088528301;0,089625253
CO2;GNQ;Equatorial Guinea;0,163053009;0,171716388;0,127484148;0,119485341;1,608998142;1,455049757;0,956206181;0,527174851;0,518244557;0,450863522;0,407265984;0,327298316;0,244913804;0,240216057;0,303947638;0,265038554;0,245892154;0,238209462;0,187291274;0,19081012;0,208757287;0,212518306;0,184384356;0,195612238;0,193244622;0,197890435;0,227788119;0,224520999;0,229415231;0,231556889;0,227089846;0,233343328;0,204809521
CO2;GRC;Greece;0,314883455;0,305517489;0,31166959;0,314869143;0,314994763;0,320087409;0,311142574;0,301129374;0,301593568;0,293430385;0,305028094;0,299206389;0,28787271;0,282527285;0,268219623;0,271986271;0,254332276;0,254987165;0,245791397;0,242562653;0,237653044;0,255727233;0,260536711;0,242222932;0,231737026;0,227038939;0,223897182;0,222197522;0,212642438;0,192824692;0,180391923;0,172273698;0,17049169
CO2;GRD;Grenada;0,056381346;0,05641404;0,058919777;0,068072536;0,07606213;0,067235529;0,068862972;0,088436518;0,069004368;0,062564656;0,043976922;0,046590972;0,048049564;0,048615451;0,04716745;0,044430158;0,051611216;0,055120259;0,059623872;0,068863494;0,077940825;0,060722804;0,065798565;0,086883999;0,069635159;0,066634354;0,069266837;0,065057994;0,068974727;0,076051844;0,074936166;0,069115434;0,067881072
CO2;GRL;Greenland;7,09952E-06;7,23582E-06;7,74796E-06;8,2778E-06;7,93286E-06;7,76088E-06;7,76322E-06;7,74115E-06;7,29831E-06;7,31472E-06;6,98271E-06;7,01944E-06;7,2186E-06;7,38149E-06;0,002990678;0,00287816;0,002795571;0,00269051;0,002611484;0,002244811;0,002569709;0,002745989;0,002136511;0,002131562;0,001839534;0,002031203;0,001927011;0,001878899;0,00182638;0,001769483;0,001663283;0,001614934;0,001712536
CO2;GTM;Guatemala;0,077776794;0,079309332;0,088681271;0,094744973;0,098435573;0,109456139;0,104413525;0,104627763;0,124305838;0,119199021;0,12857275;0,1319885;0,133583046;0,129680721;0,12815758;0,134616932;0,129338085;0,129647044;0,114330638;0,119957948;0,112579326;0,111475706;0,11212788;0,116333447;0,119592473;0,134187693;0,138893164;0,128138115;0,135472558;0,136888942;0,12509418;0,131474655;0,126329214
CO2;GUF;French Guiana;;;;;;;;;;;;;;;;;;;;;;;;;;;;;;;;;
CO2;GUY;Guyana;0,326114085;0,300150485;0,263102592;0,244636903;0,292986299;0,302111434;0,288876657;0,296448472;0,30595719;0,295158883;0,286232523;0,277077114;0,270338757;0,271371309;0,276074346;0,249587435;0,213591723;0,239941924;0,235579496;0,230694542;0,239499192;0,237005111;0,245907548;0,234253009;0,240590683;0,240041037;0,273878387;0,265272991;0,265510543;0,272784797;0,226124733;0,212108311;0,136657824
CO2;HKG;Hong Kong;0,213232253;0,220043527;0,230990822;0,222327108;0,178504703;0,176889907;0,158588876;0,146076699;0,192420659;0,200857943;0,171444038;0,170274572;0,16383066;0,172939283;0,145498052;0,143062885;0,13218808;0,130371251;0,12393669;0,133206631;0,116640267;0,119068699;0,115681222;0,116076414;0,116320702;0,105682903;0,105385829;0,099398663;0,096479585;0,096899442;0,083830683;0,077326131;0,075511908
CO2;HND;Honduras;0,11912731;0,124175235;0,131568935;0,129499578;0,147678356;0,164211119;0,170932731;0,16786213;0,187837053;0,19179296;0,184927472;0,212098006;0,215889966;0,228578953;0,244758827;0,209124979;0,225320095;0,225703626;0,216642865;0,209234713;0,197061923;0,225605929;0,226692084;0,215745454;0,214070185;0,218646987;0,20722029;0,17806103;0,165190573;0,181751256;0,173406258;0,175252043;0,178177697
CO2;HRV;Croatia;0,292279512;0,247361658;0,245261092;0,273593088;0,248717649;0,241519576;0,224903564;0,235904983;0,245186244;0,248488714;0,235614599;0,240999943;0,236914495;0,238987437;0,229786643;0,221527111;0,212945039;0,216118849;0,201585393;0,201758718;0,197208825;0,192739502;0,181368335;0,178337973;0,172398076;0,171430595;0,167803363;0,166941933;0,153497426;0,150323032;0,155991293;0,137984749;0,131357986
CO2;HTI;Haiti;0,045619452;0,043702008;0,042942466;0,038438175;0,020599845;0,050995957;0,055657594;0,063299238;0,063470638;0,064632629;0,067755852;0,069313485;0,077462368;0,074313859;0,069604167;0,06897501;0,068602496;0,07728653;0,074569533;0,06912001;0,089660725;0,096664756;0,085106689;0,088148752;0,097310414;0,103565217;0,104197285;0,100758956;0,098276857;0,100972129;0,101576863;0,100384118;0,105989623
CO2;HUN;Hungary;0,363687885;0,398528323;0,368241275;0,377243207;0,365667201;0,358372605;0,365756159;0,348060912;0,333848157;0,326120123;0,296316142;0,291781602;0,274377323;0,275131023;0,254096267;0,244868422;0,234387406;0,228239388;0,221163469;0,211584367;0,211817495;0,20443686;0,192081081;0,177749451;0,170978655;0,174662772;0,173877798;0,186586951;0,176381871;0,163242499;0,16297103;0,157653771;0,138527437
CO2;IDN;Indonesia;0,195371286;0,197629956;0,19393976;0,199473446;0,197049337;0,204574465;0,199961418;0,208913643;0,242983566;0,255593106;0,244839567;0,25341597;0,247731557;0,258065357;0,250085211;0,237356502;0,238957309;0,234295391;0,218455119;0,217268351;0,21685064;0,233270074;0,223150793;0,19711185;0,202001902;0,195273612;0,183793025;0,187296106;0,196110817;0,199202644;0,18982846;0,188449161;0,202473342
CO2;IND;India;0,37935954;0,403954817;0,396757498;0,395780562;0,39446191;0,392605335;0,382036977;0,386627608;0,373616764;0,366508737;0,365436084;0,354278208;0,354143161;0,338304398;0,338112638;0,326641853;0,322616862;0,326303707;0,336629269;0,341137933;0,333675886;0,336523735;0,348813602;0,337689342;0,338426207;0,315745166;0,297244789;0,294086409;0,292086835;0,277678152;0,269263995;0,268990432;0,267777081
CO2;IRL;Ireland;0,342520142;0,341619598;0,329590361;0,323445909;0,317286182;0,293570408;0,283617103;0,26465099;0,25935891;0,242994285;0,236255667;0,235549057;0,217261378;0,208576041;0,197596025;0,195146662;0,188285552;0,176165321;0,181717579;0,17024277;0,166412916;0,149735439;0,151695962;0,144913922;0,132701555;0,111177918;0,114550831;0,101857399;0,093162759;0,084530517;0,075087807;0,069913479;0,06523075
CO2;IRN;Iran;0,388730206;0,379817921;0,393151474;0,396932528;0,46139876;0,46019304;0,449370204;0,463194207;0,452842497;0,489508771;0,487866807;0,49489814;0,478187023;0,464598189;0,477578238;0,499852996;0,513838515;0,505673468;0,516198014;0,531137706;0,504886727;0,499995512;0,525777385;0,552094133;0,546397041;0,548729843;0,514400048;0,518885208;0,540167539;0,544702642;0,52135115;0,513768918;0,50639301
CO2;IRQ;Iraq;0,526206602;1,150541356;1,207462376;1,22519025;1,294910871;1,258178205;1,045589588;1,037152173;0,597869797;0,400316874;0,409430716;0,456165111;0,469389414;0,646538967;0,459133175;0,436193907;0,401583679;0,364165865;0,387937009;0,400832614;0,434171232;0,419883341;0,423566834;0,423423076;0,407415722;0,387309623;0,36731058;0,408258973;0,428792726;0,436942328;0,450362157;0,470391729;0,473556902
CO2;ISL;Iceland;0,264318128;0,259464684;0,270220095;0,278552672;0,281529829;0,271380606;0,28798361;0,263828603;0,253526364;0,246636777;0,244523417;0,243738157;0,256453104;0,248745918;0,23634988;0,219337857;0,213793589;0,211765138;0,225059218;0,246481169;0,247620241;0,234408903;0,234993445;0,230017806;0,215615367;0,211876306;0,17528476;0,173495291;0,164445668;0,155144415;0,16170153;0,15593626;0,169306748
CO2;ISR;Israel and Palestine, State of;0,333435862;0,318400551;0,319846885;0,314931172;0,303586301;0,302931291;0,305048857;0,301592974;0,290871572;0,288097751;0,289513735;0,290178853;0,308728933;0,311050552;0,293254791;0,271010155;0,271006761;0,264841928;0,2576551;0,25120419;0,255112884;0,238275532;0,25263278;0,21291465;0,198474396;0,199512396;0,189133643;0,182483592;0,164389097;0,161196427;0,153718988;0,140066057;0,136755701
CO2;ITA;Italy, San Marino and the Holy See;0,20465353;0,200827285;0,197894528;0,196822292;0,190268426;0,19615472;0,191494955;0,189352884;0,190052519;0,189978812;0,184885205;0,181288351;0,183894478;0,191376221;0,193026514;0,191778626;0,186300949;0,18076783;0,176851415;0,166127792;0,167121856;0,162531788;0,159334808;0,148876945;0,141288523;0,144575001;0,140838129;0,137092916;0,133858799;0,129867206;0,126908286;0,128922884;0,125207893
CO2;JAM;Jamaica;0,361284361;0,342651893;0,372007779;0,346112653;0,344765594;0,348324618;0,363764022;0,376569719;0,406066473;0,412535403;0,411672523;0,408758062;0,398738821;0,396137437;0,392691483;0,390560931;0,439221484;0,430263416;0,349718895;0,297822765;0,288871948;0,280556335;0,260308249;0,276395507;0,264792502;0,258234889;0,273396573;0,259546403;0,303142947;0,292707874;0,227171722;0,224320116;0,214895292
CO2;JOR;Jordan;0,356259266;0,35096956;0,364119874;0,362058273;0,360444765;0,360592106;0,361425852;0,36208515;0,356669345;0,345612452;0,367282472;0,349788229;0,344660517;0,339398541;0,336913016;0,332762625;0,311310542;0,298966527;0,267724177;0,262005835;0,250295435;0,248669452;0,283436242;0,271311622;0,281393747;0,27233742;0,262858781;0,269909125;0,251974164;0,23090454;0,212654759;0,22403217;0,224197913
CO2;JPN;Japan;0,287336161;0,279931105;0,278648212;0,278112868;0,287770232;0,282664988;0,276783825;0,271145737;0,26416084;0,27417623;0,270810391;0,266767998;0,274093086;0,271513435;0,264611918;0,262335976;0,254217145;0,257671067;0,246483826;0,247791741;0,250250568;0,26093947;0,265121549;0,262866528;0,252146417;0,240367359;0,235995884;0,229162411;0,22028238;0,213798545;0,210506615;0,208570953;0,207785475
CO2;KAZ;Kazakhstan;1,128148749;1,325246432;1,42804253;1,340762434;1,383250386;1,332361981;1,162001964;0,992894627;1,043676855;0,928474012;0,853154465;0,735896275;0,74641116;0,760725823;0,745367478;0,726011604;0,733973251;0,708542348;0,811525716;0,714016909;0,714464054;0,710157963;0,672298483;0,681148601;0,542562688;0,47256425;0,490996413;0,500191396;0,48406755;0,440053968;0,46813343;0,474114171;0,480246662
CO2;KEN;Kenya;0,076405721;0,072400521;0,073889038;0,072396623;0,071607333;0,073321568;0,077540762;0,074203516;0,078574769;0,078827153;0,087381712;0,078006917;0,075302712;0,066045532;0,070007179;0,074062316;0,077487955;0,072516062;0,076377428;0,087159332;0,08736628;0,085780401;0,07619224;0,081018549;0,088242307;0,090930483;0,094585988;0,094447469;0,08569972;0,082815175;0,082283105;0,083208133;0,08162373
CO2;KGZ;Kyrgyzstan;1,044384071;1,019620872;0,779202415;0,677291065;0,554499288;0,414471828;0,481233886;0,43198967;0,446191456;0,343567935;0,31812262;0,253766249;0,317245246;0,332976708;0,308394568;0,295873643;0,288138184;0,321844679;0,345130237;0,304345365;0,287462141;0,326659121;0,428470734;0,361801656;0,357775538;0,358393602;0,325395144;0,306726091;0,351425214;0,299313687;0,294536147;0,307626516;0,291598856
CO2;KHM;Cambodia;0,029564499;0,029124183;0,023171834;0,025643279;0,041354617;0,119116942;0,124874943;0,128191461;0,137230948;0,118610639;0,111100803;0,112294337;0,108265837;0,107331114;0,097332171;0,095954827;0,096454016;0,107573466;0,111741064;0,132817279;0,132656438;0,128829331;0,126027303;0,11866908;0,136781173;0,154897381;0,1801938;0,188407152;0,182520225;0,221786412;0,23675487;0,242482831;0,231928447
CO2;KIR;Kiribati;0,107065719;0,10927874;0,108175548;0,10496736;0,10853015;0,104063299;0,104819268;0,109400052;0,106367277;0,104887824;0,197831228;0,175549462;0,246875235;0,24901658;0,262040915;0,331670127;0,354884845;0,305941164;0,348995237;0,303102808;0,31607709;0,290915039;0,270541646;0,277385994;0,283362004;0,268597969;0,293473321;0,339552947;0,326053415;0,352239364;0,289674287;0,279316474;0,281434634
CO2;KNA;Saint Kitts and Nevis;0,033888594;0,046611962;0,045074053;0,051152151;0,056129633;0,045117868;0,049399378;0,046933615;0,048287165;0,045322648;0,050802932;0,050240109;0,05549321;0,06063749;0,064142529;0,054056676;0,058400747;0,065391049;0,061791939;0,072183823;0,079197322;0,062269739;0,066567577;0,07525772;0,071685086;0,071322249;0,074376301;0,067781802;0,075242146;0,080328264;0,079856918;0,077789831;0,074154823
CO2;KOR;South Korea;0,501546061;0,497652703;0,499649943;0,507799483;0,500825328;0,495333347;0,489592808;0,486669026;0,438557662;0,428762981;0,439238479;0,426267801;0,402912306;0,393970561;0,389797808;0,373475033;0,35924714;0,34677603;0,343117955;0,345458199;0,350718415;0,355632034;0,349033459;0,336871415;0,323706603;0,324560452;0,323700455;0,317602134;0,309898878;0,294322902;0,279961144;0,280891305;0,270726326
CO2;KWT;Kuwait;0,512781133;1,034968781;0,399713377;0,378599831;0,415159496;0,391794704;0,382962763;0,393673127;0,421561176;0,46259977;0,482555898;0,508439902;0,515929576;0,462174653;0,446104778;0,452506731;0,435628713;0,401747909;0,419898876;0,462065635;0,490194791;0,464429501;0,439766674;0,446354339;0,435072388;0,448736302;0,447699544;0,464948064;0,462473739;0,46734946;0,506537635;0,530280027;0,524653748
CO2;LAO;Laos;0,030187469;0,034522619;0,033910166;0,032544801;0,033160918;0,032412388;0,035492618;0,039230768;0,041532878;0,038343792;0,061346272;0,063880973;0,067661975;0,066311601;0,065356151;0,063181926;0,076300897;0,074955638;0,08119833;0,094555642;0,097705126;0,095467383;0,094298404;0,103214114;0,106691068;0,202380579;0,336176237;0,381342638;0,370443758;0,342205191;0,341117703;0,346942757;0,336317293
CO2;LBN;Lebanon;0,283906402;0,235632837;0,217379277;0,281141789;0,285690916;0,311145721;0,290332813;0,315466708;0,302171487;0,313023272;0,279020338;0,289945156;0,279455593;0,270799228;0,257226113;0,248781694;0,238407375;0,201836729;0,22655382;0,242463653;0,215174805;0,216661517;0,235958273;0,224035812;0,236255206;0,253426483;0,258455616;0,269294432;0,257591381;0,271975609;0,276163278;0,313253504;0,327217142
CO2;LBR;Liberia;0,11408489;0,085446824;0,12306498;0,193784928;0,251696054;0,26238179;0,297400192;0,138331152;0,108552259;0,094367734;0,082496242;0,090496023;0,087555813;0,135040342;0,143801868;0,170154106;0,166649586;0,141605583;0,110915657;0,09637013;0,140506642;0,142751778;0,147008372;0,124644832;0,162981437;0,168620888;0,186732582;0,15883728;0,180531836;0,191031851;0,20358285;0,210609078;0,209481577
CO2;LBY;Libya;0,235142483;0,204596495;0,219395544;0,242892039;0,277514182;0,359128144;0,368047087;0,342959344;0,34086795;0,353412647;0,351735586;0,353812659;0,365911807;0,348803099;0,330209318;0,320231597;0,299417032;0,26347588;0,280654329;0,309747963;0,31158384;0,436571712;0,331669501;0,403136425;0,517450016;0,453801653;0,438040011;0,356257951;0,343016857;0,390559022;0,447124718;0,461139766;0,465245466
CO2;LCA;Saint Lucia;0,041060257;0,041500337;0,038769391;0,037801018;0,043699459;0,042420332;0,040958571;0,041874531;0,04032142;0,038068072;0,04328119;0,049029077;0,045113008;0,050737152;0,046356793;0,048569015;0,049624123;0,053804198;0,0553475;0,061597277;0,069814841;0,052566193;0,056344092;0,068878961;0,069475084;0,068154263;0,070229725;0,066392569;0,066644451;0,108128298;0,121576274;0,104615317;0,094207481
CO2;LKA;Sri Lanka;0,060964114;0,060847965;0,072595658;0,066482846;0,072459879;0,069046723;0,093811825;0,087936843;0,086767994;0,09183992;0,099063442;0,099808492;0,100437731;0,102518322;0,100475493;0,102703998;0,085264811;0,08742441;0,077759624;0,072143466;0,070665028;0,076521609;0,079238687;0,063141063;0,071530796;0,075667138;0,085826601;0,080339677;0,073747071;0,079477549;0,078194908;0,072110729;0,068496796
CO2;LSO;Lesotho;0,048596024;0,057436589;0,045700982;0,042524252;0,043867661;0,043174039;0,042617923;0,041057932;0,039636475;0,040188208;0,105778301;0,104089905;0,10818799;0,104686899;0,108075413;0,104414441;0,10237742;0,126684858;0,097997431;0,114168361;0,112620999;0,110590262;0,111068142;0,109075104;0,111827433;0,107004617;0,110189388;0,121718898;0,122264558;0,128667258;0,13832594;0,136397846;0,148042472
CO2;LTU;Lithuania;0,563490229;0,719555516;0,475792558;0,399327877;0,422830405;0,387873994;0,380487768;0,339750986;0,33432301;0,283341872;0,238954696;0,238738367;0,225383948;0,20381973;0,200304017;0,198923767;0,188610864;0,1862829;0,18462912;0,180869775;0,189147434;0,181997361;0,177309252;0,157945462;0,150838053;0,15286924;0,147606552;0,146165436;0,141112026;0,137534353;0,137155069;0,127688988;0,118247437
CO2;LUX;Luxembourg;0,432825905;0,41354485;0,394818218;0,38635828;0,345780011;0,273305787;0,270122731;0,241961029;0,208295432;0,201553824;0,203131443;0,209017666;0,2176265;0,220994339;0,240942872;0,239736727;0,222914797;0,195847841;0,194202409;0,189913473;0,193442147;0,189338416;0,182529567;0,168059501;0,155775709;0,144399409;0,13359076;0,133997183;0,136840141;0,136216173;0,114675045;0,116533237;0,100899233
CO2;LVA;Latvia;0,462533459;0,482070771;0,564192545;0,498202187;0,425008442;0,384830464;0,375684215;0,328750327;0,295136144;0,268356787;0,233453485;0,233579113;0,217879075;0,207287114;0,192740953;0,176178837;0,167223254;0,158710254;0,155969998;0,1659723;0,199585468;0,18008894;0,164010441;0,156062908;0,148727449;0,144843247;0,138258063;0,132940624;0,139451837;0,132502375;0,124833808;0,119738856;0,108765102
CO2;MAC;Macao;0,055425278;0,053078966;0,048772999;0,049836542;0,053524257;0,049664547;0,058648685;0,064388686;0,074895153;0,078713292;0,074742;0,075557518;0,075026681;0,06845444;0,062470679;0,058213499;0,050796415;0,039715086;0,031925772;0,034597446;0,027435009;0,022257365;0,020986244;0,019595531;0,022884772;0,039287969;0,03759997;0,040727607;0,029988417;0,033323484;0,057378866;0,049713368;0,068972508
CO2;MAR;Morocco;0,220290176;0,215301143;0,235591702;0,244458874;0,239428404;0,263414756;0,231512471;0,247702765;0,236736356;0,245057258;0,243974565;0,24962091;0,248967599;0,23344689;0,245622081;0,252714287;0,240399514;0,235650661;0,236553095;0,227369384;0,233535645;0,239332949;0,241593002;0,231800101;0,229417086;0,225906446;0,224410845;0,223591487;0,221483794;0,23725075;0,240483433;0,249979279;0,236919901
CO2;MDA;Moldova;0,758282235;0,727469513;0,813522641;0,696790449;0,816720036;0,723550513;0,660595286;0,595375179;0,576300255;0,504590246;0,458909552;0,451852995;0,427662834;0,432045936;0,405409178;0,396662546;0,367876043;0,353012323;0,323788845;0,338656714;0,347574257;0,329912006;0,324739828;0,265225222;0,271221681;0,281766176;0,273884881;0,259279223;0,26633656;0,265485937;0,281064009;0,258990858;0,258602796
CO2;MDG;Madagascar;0,042234966;0,0482005;0,048249973;0,048985158;0,06036618;0,066914186;0,06291315;0,066568727;0,071516844;0,070071621;0,066553961;0,063401196;0,049345986;0,059728644;0,061378069;0,062511514;0,056865505;0,056583439;0,054983143;0,054379359;0,059898939;0,068734611;0,082902416;0,086689566;0,086204759;0,091182595;0,083393149;0,087672957;0,080760877;0,091638564;0,06951636;0,071343058;0,071699835
CO2;MDV;Maldives;0,039150825;0,036796387;0,037340987;0,041298392;0,085983822;0,114731837;0,109754415;0,092867269;0,098473225;0,090031822;0,188047373;0,168322011;0,187422883;0,140519749;0,169111482;0,180550147;0,174193532;0,160294076;0,159884429;0,183678169;0,179691435;0,180401802;0,221358986;0,230099002;0,290316529;0,207209291;0,212412094;0,209085511;0,221583606;0,244175024;0,29678622;0,217797996;0,198478584
CO2;MEX;Mexico;0,233175928;0,237892059;0,232605187;0,231489002;0,238374214;0,239839183;0,235632495;0,232864026;0,235413052;0,222454993;0,225628243;0,225437238;0,228986534;0,236980811;0,233244628;0,236980067;0,235256593;0,233356615;0,231448179;0,238835366;0,234810018;0,23116686;0,231911776;0,2233856;0,211359103;0,208596091;0,205915082;0,202739744;0,1887965;0,192167184;0,183010055;0,182700801;0,195704547
CO2;MKD;North Macedonia;0,492665583;0,464462027;0,442173268;0,490727423;0,484548282;0,486947425;0,567215172;0,50355171;0,534317333;0,472637444;0,436180121;0,459153296;0,426326384;0,453150253;0,42186767;0,423050039;0,401703056;0,405190505;0,376016655;0,339393754;0,330295649;0,360351741;0,339950242;0,301998405;0,276698722;0,253234989;0,23650863;0,245100171;0,22531005;0,24923327;0,23213923;0,241643244;0,236529216
CO2;MLI;Mali;0,027131058;0,030657705;0,028916182;0,027241193;0,026296126;0,026500856;0,02713961;0,025865044;0,024912035;0,024010421;0,046113589;0,040990252;0,041322152;0,038702551;0,039260606;0,037988955;0,04384773;0,050343561;0,055606458;0,066876209;0,064000663;0,066627267;0,071031265;0,083187807;0,083323277;0,094436242;0,112400806;0,11805879;0,121493306;0,126767675;0,131675086;0,138630436;0,139644378
CO2;MLT;Malta;0,406477518;0,365418216;0,342410448;0,42371092;0,358584102;0,319850357;0,301147332;0,303994215;0,278299558;0,269539725;0,198862123;0,235157824;0,213592922;0,230785342;0,229869072;0,22474775;0,221326739;0,216321752;0,209020241;0,194847637;0,190236112;0,188422688;0,19095124;0,15829953;0,146250472;0,094170316;0,0743773;0,075355245;0,072489607;0,072317576;0,076915519;0,070862753;0,067940015
CO2;MMR;Myanmar/Burma;0,189836468;0,181617968;0,184424581;0,191399202;0,21519883;0,243402825;0,240105077;0,225420635;0,231727326;0,234404297;0,226495969;0,175959352;0,158797877;0,174193063;0,148645167;0,138410595;0,113606867;0,105468381;0,072653828;0,061313965;0,061738158;0,06104018;0,078465729;0,082155316;0,094943146;0,102258967;0,1077054;0,149589725;0,143077698;0,138342418;0,135419162;0,171119253;0,167340978
CO2;MNG;Mongolia;1,209344663;1,496752598;1,438409984;1,368527543;1,16809114;1,091481041;0,902361466;0,851307183;0,826397488;0,807111135;0,833737039;0,80718493;0,825960168;0,748274492;0,691881649;0,748175012;0,781393221;0,740609992;0,679181468;0,723890642;0,717475299;0,675260547;0,652388473;0,627090603;0,573307644;0,533682545;0,553415617;0,564452294;0,575733768;0,584964471;0,560128243;0,567330557;0,539489768
CO2;MOZ;Mozambique;0,189809817;0,151700199;0,192626064;0,202618749;0,161184771;0,173082086;0,150188958;0,149184601;0,131150658;0,116828373;0,140617855;0,151457074;0,145205693;0,172661715;0,176131829;0,158351389;0,153096255;0,16306141;0,147516518;0,149922551;0,149198061;0,163652402;0,168816642;0,171768518;0,180983439;0,189128211;0,235019219;0,226002345;0,211716137;0,221668506;0,207505322;0,228187552;0,244685139
CO2;MRT;Mauritania;0,077552119;0,097468746;0,245449437;0,228947419;0,245944803;0,230755513;0,217674479;0,224280351;0,222345898;0,216239163;0,097144721;0,106107205;0,115321962;0,112541174;0,11844815;0,112574117;0,105203936;0,119012553;0,133803542;0,130895275;0,130220208;0,132708328;0,1426923;0,124682865;0,139903315;0,135355562;0,123803359;0,16547723;0,167193801;0,170851383;0,170157911;0,18018232;0,178967191
CO2;MTQ;Martinique;;;;;;;;;;;;;;;;;;;;;;;;;;;;;;;;;
CO2;MUS;Mauritius;0,136050883;0,139549927;0,138416019;0,145235819;0,143706962;0,141083444;0,139983511;0,13300232;0,137538131;0,164292873;0,167942164;0,171832306;0,172606812;0,170623523;0,164932014;0,173360967;0,184363349;0,179209647;0,173711786;0,165737458;0,169762905;0,162260077;0,160516392;0,160136338;0,159410118;0,154211104;0,151240988;0,150493435;0,143412294;0,140519919;0,146779931;0,15253373;0,148834442
CO2;MWI;Malawi;0,172562101;0,183371522;0,215893399;0,199326989;0,231559033;0,202568965;0,201984174;0,219324101;0,223851624;0,222474818;0,248863693;0,266389468;0,258538996;0,24641236;0,233546011;0,256191813;0,259946841;0,255327165;0,249230831;0,222496562;0,225348015;0,274099777;0,266650444;0,22326451;0,209579382;0,20098703;0,195050878;0,206135766;0,202217787;0,192004749;0,179205834;0,175650155;0,188010775
CO2;MYS;Malaysia;0,304027281;0,333704957;0,321664534;0,319085381;0,314014615;0,30797796;0,319936774;0,319686652;0,346484428;0,352411411;0,350347618;0,36717614;0,370244602;0,371094481;0,376999771;0,380194552;0,375292886;0,386013611;0,389012385;0,357577793;0,364609449;0,350282515;0,336238491;0,34526529;0,344772999;0,329556464;0,309738225;0,283369453;0,289909677;0,280254407;0,293922585;0,294749863;0,288803774
CO2;NAM;Namibia;0,149131678;0,122464157;0,124308049;0,146486303;0,166285526;0,173456092;0,18425437;0,182903545;0,182746886;0,168215764;0,15955776;0,199565364;0,16511961;0,170004859;0,160498016;0,166829224;0,153649143;0,150058308;0,16735356;0,170768211;0,166391593;0,16770937;0,16804233;0,16990946;0,166250953;0,16750219;0,172457371;0,171262251;0,17064555;0,172922058;0,171491842;0,168439079;0,176004818
CO2;NCL;New Caledonia;0,337146482;0,340565531;0,338048324;0,322400277;0,317999245;0,296841812;0,327197107;0,323502971;0,347849488;0,339797893;0,408552462;0,401483113;0,432051328;0,451196878;0,391206089;0,420291482;0,388450685;0,377106045;0,376900142;0,377566649;0,449652342;0,427890856;0,427138732;0,45976972;0,556325929;0,531883443;0,561262139;0,53359034;0,676370639;0,710051931;0,642153733;0,692900205;0,635395588
CO2;NER;Niger;0,068767405;0,065889621;0,061255057;0,074190916;0,061043189;0,057549565;0,066666976;0,066259295;0,064991466;0,063847094;0,065779672;0,061752248;0,061140322;0,065042303;0,06776021;0,060534296;0,057588119;0,06042302;0,058868147;0,07178709;0,083960347;0,083089156;0,105787906;0,099518937;0,101486033;0,09532351;0,089810796;0,078372035;0,076487707;0,081267228;0,080399264;0,085659829;0,078813915
CO2;NGA;Nigeria;0,239659532;0,258506355;0,270721721;0,268508722;0,254688896;0,280340289;0,314300573;0,300179698;0,264758076;0,259036738;0,273256338;0,272693378;0,213919763;0,221663011;0,195617288;0,180176229;0,153113636;0,131337048;0,131929467;0,10780515;0,116570948;0,12195767;0,113606172;0,119892807;0,11935759;0,109646112;0,115485457;0,113855417;0,116806416;0,119482028;0,114527226;0,11726162;0,113165302
CO2;NIC;Nicaragua;0,13623862;0,137243687;0,158732277;0,156338335;0,172094563;0,172621433;0,172121936;0,177194509;0,198653165;0,187222286;0,187182068;0,19259456;0,197721593;0,211279688;0,205811172;0,18723954;0,190352729;0,187695367;0,17431442;0,176290031;0,173404944;0,170750757;0,159220017;0,145143889;0,146578882;0,156639541;0,152882742;0,147923872;0,139728195;0,147663717;0,136406398;0,139314483;0,141744097
CO2;NLD;Netherlands;0,300614565;0,304328963;0,295837369;0,298200949;0,291167105;0,289372868;0,295862117;0,271903111;0,260908667;0,241665904;0,232932385;0,233588472;0,233658656;0,236463866;0,234983922;0,224453862;0,211576771;0,205287568;0,20205477;0,203571704;0,214102211;0,197099785;0,196195746;0,195049731;0,183913889;0,189228697;0,186718239;0,178592846;0,168975197;0,160262326;0,150289983;0,145692901;0,12984634
CO2;NOR;Norway;0,203183487;0,18350631;0,190935586;0,196565594;0,196593614;0,189697393;0,182063379;0,182968661;0,18502606;0,187815763;0,16293089;0,161466883;0,15648806;0,165728145;0,160815661;0,151134047;0,149804432;0,148410705;0,14905219;0,14716825;0,156412712;0,151279939;0,145773982;0,146146673;0,143684878;0,143623991;0,13927338;0,135980894;0,13312142;0,128358319;0,126387123;0,124117028;0,114854432
CO2;NPL;Nepal;0,035696235;0,041328529;0,04178146;0,044427503;0,049976714;0,052498728;0,052909341;0,055639407;0,05729534;0,07138466;0,06889451;0,070271885;0,057307278;0,062589903;0,051652645;0,055865794;0,044751322;0,044543781;0,046394665;0,05845657;0,065662921;0,071130144;0,079021885;0,076989149;0,084219533;0,081643034;0,120174248;0,135713725;0,144114613;0,122813964;0,135618653;0,136022561;0,129640949
CO2;NZL;New Zealand;0,255529984;0,265833454;0,279516549;0,263132307;0,257374106;0,253351007;0,253438169;0,264838642;0,261210471;0,260674635;0,26094338;0,266835327;0,256244709;0,2509301;0,238356786;0,234936201;0,229205646;0,214698525;0,224235508;0,207255427;0,204475529;0,195459295;0,203108927;0,19662079;0,193337185;0,186922429;0,176847574;0,178247126;0,170476068;0,174451103;0,162010578;0,153444349;0,140762467
CO2;OMN;Oman;0,282971411;0,3253101;0,286098376;0,25549646;0,230187016;0,25640407;0,262878393;0,255684945;0,242249442;0,271928647;0,288215655;0,309827459;0,335097957;0,364005844;0,354872644;0,359943277;0,43631173;0,451546364;0,409655989;0,406524485;0,436946903;0,492796186;0,511040595;0,508676102;0,533489063;0,537091046;0,526839528;0,529394565;0,54151966;0,554274961;0,545161651;0,573852079;0,566749646
CO2;PAK;Pakistan;0,185368342;0,179760076;0,184845346;0,200395561;0,198973271;0,20419713;0,202601823;0,208396641;0,20598469;0,217558256;0,210914596;0,208559303;0,20441745;0,199986683;0,207699574;0,19849667;0,203090266;0,215156262;0,205352499;0,203533687;0,192777035;0,189648695;0,184594923;0,178741636;0,179960888;0,181620994;0,190656499;0,19866674;0,176619861;0,169727749;0,170589937;0,178461855;0,155036056
CO2;PAN;Panama;0,098953516;0,104349216;0,115085546;0,11153434;0,115377842;0,122027356;0,118056665;0,1165879;0,133931611;0,112811304;0,113883462;0,135349259;0,115438355;0,112224849;0,104896497;0,126170994;0,122492384;0,109197426;0,096474998;0,113907914;0,113895848;0,111438955;0,106144009;0,097493063;0,097394182;0,090910736;0,08689287;0,078290529;0,073876192;0,094434129;0,083993582;0,082129312;0,077621888
CO2;PER;Peru;0,179812652;0,170803997;0,179151406;0,178709361;0,163346471;0,172923608;0,184863965;0,173266524;0,167221729;0,177088688;0,170510446;0,157488401;0,155797105;0,146644327;0,161361139;0,15191053;0,139721382;0,140556928;0,146107193;0,15557653;0,156857739;0,158249435;0,148914513;0,143580649;0,148771285;0,148238965;0,149769977;0,140193962;0,135220764;0,139115012;0,127619683;0,131838196;0,141982344
CO2;PHL;Philippines;0,167154101;0,168651482;0,182009422;0,192030629;0,198638443;0,228149124;0,225805529;0,240342122;0,236705738;0,224438862;0,216037272;0,202220994;0,197920416;0,19346532;0,184178886;0,18242255;0,156269693;0,159325854;0,153918332;0,153461182;0,153772435;0,147425022;0,145971102;0,149063968;0,149484778;0,152807384;0,15300946;0,159915673;0,156683592;0,154384796;0,156725773;0,158517658;0,156678232
CO2;PLW;Palau;10,04469443;9,503807763;8,48473381;9,901444504;13,81097995;9,290067194;7,912071517;8,648417382;7,667476383;8,444282335;8,085481386;8,461352532;4,991402931;6,138927618;5,185948685;5,684904183;5,583633959;4,461433783;4,786123399;7,96508415;7,719162129;8,123805381;12,15249469;6,366288037;4,16299224;3,650008009;3,497177962;3,81156408;3,916224082;4,020487642;4,451488737;5,348135048;6,232148466
CO2;PNG;Papua New Guinea;0,187595761;0,170887549;0,156837211;0,131220047;0,125940768;0,133268067;0,128542721;0,143998137;0,188500661;0,147170812;0,190197256;0,226681528;0,25646154;0,278325793;0,288494092;0,293128029;0,281408483;0,248536374;0,241199069;0,225604367;0,172383546;0,180709988;0,164284433;0,168738261;0,179066317;0,183075957;0,192272256;0,182450079;0,187555829;0,190866792;0,121919687;0,126324492;0,123466301
CO2;POL;Poland;0,864555675;0,922935751;0,87862001;0,846754549;0,791066821;0,743574941;0,72966213;0,669161601;0,589089885;0,5475521;0,504571073;0,49339611;0,472768101;0,476045824;0,456630613;0,440788825;0,43327515;0,404338306;0,381371318;0,355612778;0,365325616;0,345474961;0,332638549;0,325350748;0,300895384;0,291277993;0,293153036;0,290717574;0,273865786;0,248104598;0,240237881;0,248274529;0,232928673
CO2;PRI;Puerto Rico;0,243401484;0,24528093;0,243486272;0,239128431;0,234823958;0,229887583;0,22808395;0,222911786;0,21472322;0,21898163;0,212460118;0,198262222;0,159763758;0,207459377;0,192428728;0,195629218;0,126205531;0,135103044;0,118387502;0,109403498;0,104920032;0,091995079;0,089010258;0,089700557;0,093458925;0,096475168;0,091058825;0,098993789;0,123650359;0,110358272;0,115515931;0,120296864;0,114177148
CO2;PRK;North Korea;1,273297066;1,249538312;1,169333117;1,105975274;1,009268027;0,969879969;0,877593155;0,897661555;0,735941907;0,791485133;0,833094388;0,872593264;0,823011615;0,823987631;0,818961346;0,827392044;0,803406801;0,661854072;0,727978449;0,532186674;0,540248439;0,407754904;0,398485174;0,279809454;0,305824126;0,242066295;0,267920296;0,49143649;0,439292495;0,470922194;0,43341188;0,447817818;0,444330056
CO2;PRT;Portugal;0,185940843;0,184258316;0,197207422;0,196921639;0,200899952;0,206175277;0,192673067;0,193699087;0,20006261;0,214693959;0,205372808;0,199141641;0,210632995;0,197167312;0,199147233;0,207562258;0,189189148;0,180109561;0,173413147;0,176715592;0,158134551;0,155433522;0,156804245;0,153154274;0,150466027;0,160314039;0,153571508;0,161932716;0,145913883;0,129092988;0,123780254;0,113685611;0,111268466
CO2;PRY;Paraguay;0,060926888;0,057523121;0,067798352;0,073650256;0,081477306;0,086572751;0,084086901;0,089340479;0,093539206;0,094932464;0,080134796;0,083841679;0,087787995;0,086836006;0,084415164;0,076187395;0,078336338;0,070568433;0,077421647;0,080078592;0,08022357;0,079958094;0,079935518;0,077115493;0,077796343;0,084854372;0,091983327;0,097700021;0,097720204;0,095603783;0,090279711;0,108300195;0,108253175
CO2;PYF;French Polynesia;0,198956772;0,189993555;0,179570812;0,174595286;0,145266416;0,14451356;0,143829877;0,153166177;0,153362648;0,143429389;0,152114289;0,170705756;0,174274139;0,177989325;0,164217777;0,172724483;0,160413696;0,15952062;0,163622442;0,170322673;0,181350377;0,181402835;0,176532423;0,187466584;0,184624713;0,188041527;0,185772336;0,180334342;0,181603365;0,184075928;0,171116381;0,185538835;0,172772828
CO2;QAT;Qatar;0,595021372;0,642281787;0,607214021;0,631454366;0,655710399;0,655121989;0,681600902;0,641985754;0,621596024;0,645462058;0,61947514;0,608961318;0,634191486;0,646356393;0,583261766;0,574098836;0,511689025;0,488508263;0,449551538;0,411371628;0,389081782;0,387668613;0,387459955;0,39828378;0,40544359;0,401604049;0,395926421;0,406194211;0,399780044;0,402512252;0,41485777;0,426810908;0,392135665
CO2;REU;Réunion;;;;;;;;;;;;;;;;;;;;;;;;;;;;;;;;;
CO2;ROU;Romania;0,600499791;0,559112397;0,549099783;0,508743631;0,477177819;0,470845393;0,466174066;0,448988183;0,402058394;0,342137653;0,35186704;0,358077428;0,334635611;0,340153045;0,301837151;0,284715726;0,278016669;0,252995107;0,22814112;0,197276494;0,199105048;0,205611131;0,196978495;0,17914946;0,171175844;0,16853361;0,160409492;0,153955745;0,147186801;0,13864925;0,134736107;0,135293827;0,124537148
CO2;RUS;Russia;0,740520574;0,771473656;0,831361538;0,832262498;0,857794747;0,87361006;0,886103749;0,816180134;0,864530787;0,835883345;0,776625263;0,742366853;0,705054686;0,681622167;0,635880121;0,597603;0,56398537;0,520731638;0,491080334;0,501595158;0,502456941;0,506011289;0,482977705;0,459940899;0,451963388;0,462759173;0,454789044;0,454551358;0,461625302;0,469255961;0,45950112;0,469956335;0,47401284
CO2;RWA;Rwanda;0,080974524;0,074748475;0,070797075;0,0772839;0,148770479;0,107952699;0,095993964;0,086138462;0,081622855;0,080813716;0,098829223;0,093107025;0,096783871;0,08196301;0,073929186;0,073027462;0,067087569;0,056728869;0,051037208;0,049299466;0,048236836;0,046604826;0,047665752;0,050619068;0,048483584;0,051403893;0,053070476;0,055327819;0,05672551;0,053696857;0,053056166;0,052648271;0,049920015
CO2;SAU;Saudi Arabia;0,257249305;0,228363276;0,236133079;0,252116917;0,272808475;0,270233742;0,279513219;0,279706958;0,290839865;0,30809275;0,30419785;0,320206712;0,350992074;0,331158772;0,325352463;0,326412811;0,336269664;0,34921419;0,356334147;0,384255274;0,401154185;0,37798145;0,379724725;0,374602573;0,385602039;0,384369057;0,374284234;0,37077429;0,346843593;0,344186893;0,354518473;0,352628647;0,333776702
CO2;SCG;Serbia and Montenegro;0,829842;0,785742144;0,741855441;0,625074652;0,561908526;0,789976016;0,869880355;0,794167824;0,766360946;0,600697128;0,680531086;0,687963071;0,692070429;0,709258153;0,701764051;0,61584117;0,607992172;0,557629867;0,47403569;0,454850616;0,463886728;0,486579162;0,436596971;0,429893353;0,367723123;0,416176465;0,414639074;0,402872662;0,380069586;0,364562535;0,376159675;0,336380218;0,326601818
CO2;SDN;Sudan and South Sudan;0,077864653;0,064548776;0,057355739;0,039181962;0,057012633;0,050301397;0,046804294;0,047836305;0,041190849;0,044137598;0,045665842;0,046786186;0,053915988;0,052080471;0,055302511;0,062067701;0,0712069;0,072973356;0,075054419;0,079958498;0,08176839;0,081110373;0,105660867;0,104183307;0,10464714;0,119557967;0,12806186;0,125925507;0,130860617;0,132983863;0,128416072;0,142378839;0,14652111
CO2;SEN;Senegal;0,127062356;0,124462182;0,135002802;0,130069536;0,132895973;0,133160373;0,140790354;0,150310612;0,159260693;0,165338765;0,156918186;0,170159937;0,176415556;0,162120422;0,176517598;0,187914414;0,179351247;0,19320585;0,193037519;0,192199094;0,196755708;0,20810219;0,197014539;0,204835668;0,206160043;0,213143537;0,223854327;0,201972217;0,196744005;0,22584933;0,194138095;0,197036419;0,195614709
CO2;SGP;Singapore;0,277655399;0,275258407;0,263664286;0,273081424;0,259326672;0,240202547;0,229850465;0,210572991;0,209515537;0,199793833;0,201406714;0,205305837;0,194638042;0,174718187;0,166740019;0,145534063;0,134264141;0,12758072;0,1239782;0,126251136;0,12316275;0,12177473;0,113917837;0,114042489;0,112306784;0,111723174;0,103528627;0,106342401;0,098084707;0,099702948;0,09995225;0,093727661;0,087749929
CO2;SHN;Saint Helena, Ascension and Tristan da Cunha;;;;;;;;;;;;;;;;;;;;;;;;;;;;;;;;;
CO2;SLB;Solomon Islands;0,219683646;0,209352862;0,187454572;0,176368857;0,171645714;0,149458545;0,150707822;0,161416095;0,165113982;0,16106209;0,284747707;0,330332037;0,351102849;0,339745164;0,324235809;0,31532379;0,302534532;0,297667888;0,285063988;0,28641113;0,279730641;0,271823513;0,264096784;0,263120295;0,247982902;0,220324094;0,202218943;0,201352621;0,205871634;0,209212064;0,175124512;0,183178923;0,1953675
CO2;SLE;Sierra Leone;0,103889314;0,136207066;0,104052222;0,099783204;0,105465521;0,122965234;0,136858092;0,141827988;0,146578562;0,152161044;0,092750122;0,123768269;0,102460454;0,099114114;0,093308004;0,082650645;0,099894513;0,08651938;0,07966608;0,076597142;0,079372878;0,090439711;0,088699706;0,083820462;0,087067297;0,091983229;0,087086459;0,081696333;0,079203062;0,072079499;0,074458888;0,077704492;0,078136835
CO2;SLV;El Salvador;0,093053765;0,116949107;0,12299814;0,126272153;0,139896553;0,146055854;0,128998803;0,153323171;0,156514771;0,152060386;0,14965814;0,154436378;0,152495198;0,163189456;0,167895988;0,168346971;0,169502727;0,175192695;0,156315424;0,155330825;0,148286354;0,149201792;0,144590601;0,134020117;0,135345205;0,141000441;0,138657043;0,122736992;0,128375966;0,143001642;0,127563708;0,130055668;0,133886978
CO2;SOM;Somalia;0,04952802;0,038021129;0,034128103;0,034898634;0,044163687;0,044893679;0,045035491;0,046281668;0,046097478;0,045523367;0,065168332;0,065682029;0,070146795;0,068694636;0,066494278;0,065457188;0,066423358;0,065395121;0,061725771;0,059970353;0,060482413;0,058112126;0,056354234;0,068152694;0,063148544;0,05787079;0,052647526;0,050280753;0,04761676;0,045734057;0,045298335;0,047327609;0,046264412
CO2;SPM;Saint Pierre and Miquelon;;;;;;;;;;;;;;;;;;;;;;;;;;;;;;;;;
CO2;STP;São Tomé and Príncipe;0,163474173;0,229604344;0,186840111;0,202366727;0,245049364;0,246950651;0,253215385;0,234504633;0,195968571;0,211248008;0,194828723;0,150781671;0,167082836;0,173883261;0,192201191;0,194314109;0,191450936;0,189282268;0,191012741;0,200186451;0,206124504;0,200313519;0,204290652;0,194278137;0,181943779;0,185500565;0,179348381;0,172010472;0,166710446;0,184170199;0,181389918;0,186469252;0,173059122
CO2;SUR;Suriname;0,112793807;0,102321979;0,096909174;0,105067674;0,099546129;0,10294223;0,099594451;0,098529219;0,098975859;0,091757205;0,240270411;0,236854261;0,169364375;0,175955398;0,183114163;0,212332487;0,181970292;0,159893085;0,158433933;0,15292764;0,17529616;0,185158952;0,225403565;0,204949282;0,234196913;0,252126421;0,288055434;0,234682043;0,196410018;0,240224378;0,279977392;0,362880089;0,356622719
CO2;SVK;Slovakia;0,742923806;0,753074601;0,78402146;0,748938045;0,668327068;0,636365175;0,599368146;0,563981869;0,530405819;0,52429968;0,489174524;0,47827214;0,454452478;0,43373416;0,406903449;0,387488125;0,352061413;0,313549368;0,297131781;0,284907178;0,284613868;0,264711557;0,249310826;0,249891682;0,226567437;0,218339637;0,220108133;0,227542768;0,214872552;0,197181204;0,191172411;0,204610757;0,195544678
CO2;SVN;Slovenia;0,334097016;0,340291506;0,344814525;0,352966891;0,337449924;0,350411812;0,356619065;0,350241675;0,335210593;0,306221915;0,287725443;0,313210248;0,308155315;0,296653086;0,290006628;0,283211343;0,272504522;0,254406523;0,259025532;0,250537288;0,251203337;0,233380735;0,231317032;0,233640297;0,207068988;0,205013813;0,208762155;0,203453337;0,194547073;0,182589342;0,173699727;0,169202487;0,156819684
CO2;SWE;Sweden;0,1933962;0,197480995;0,20957465;0,213422118;0,21342608;0,204758025;0,219546801;0,194630376;0,190030497;0,178342236;0,160209227;0,158469507;0,158935038;0,15701382;0,146336561;0,134103045;0,128988361;0,11968276;0,117902349;0,112475063;0,119495469;0,106519429;0,101946519;0,096950363;0,091675323;0,088477009;0,085772465;0,082897973;0,076842091;0,074004808;0,073532193;0,067904812;0,065840257
CO2;SWZ;Eswatini;0,263555201;0,255417448;0,207160754;0,180488651;0,313775115;0,290715988;0,224173786;0,221486977;0,219996923;0,229435132;0,195563559;0,196085625;0,182812421;0,163288976;0,155927272;0,14658986;0,139466755;0,138085515;0,134417566;0,137089141;0,10765628;0,100819597;0,094671106;0,108226852;0,109479113;0,111274855;0,120897802;0,117373107;0,114649846;0,118050595;0,117697072;0,11254231;0,122928738
CO2;SYC;Seychelles;0,250619404;0,351568854;0,276451656;0,257817744;0,264142053;0,276816407;0,262525707;0,248058993;0,246923592;0,246949325;0,464019982;0,516401686;0,457823009;0,488063089;0,704816542;0,585775061;0,586282849;0,443713099;0,485286289;0,540053979;0,473075446;0,362935555;0,402628016;0,356977144;0,400573485;0,40589223;0,41674999;0,415448838;0,360316379;0,35661359;0,396107704;0,391819133;0,366817641
CO2;SYR;Syria;1,912501292;1,88962138;1,657707687;1,585973887;1,584798157;1,566204616;1,634594927;1,645302489;1,655246226;1,678597744;1,666282421;1,610901608;1,514901958;1,551657304;1,516819637;1,74893333;1,743147306;1,742197195;1,710040227;1,511123816;1,467437818;1,64786788;1,265807268;0,816803518;0,707647011;0,93341092;0,991299217;1,12361705;1,21586731;1,13668761;1,130400445;1,171579388;1,217810251
CO2;TCA;Turks and Caicos Islands;0,025574995;0,023525758;0,021615335;0,01893369;0,016607481;0,01528469;0,013876074;0,0131089;0,013306337;0,011861231;0,035679718;0,03533092;0,048232897;0,047518593;0,043615629;0,045535822;0,047884189;0,056814917;0,058745561;0,081464946;0,090976474;0,066765646;0,072530498;0,086952996;0,086919018;0,078597295;0,079977568;0,080361756;0,085374148;0,092795423;0,107655599;0,095382994;0,099618932
CO2;TCD;Chad;0,039876326;0,045336901;0,036138773;0,022079264;0,022511903;0,022721075;0,023274052;0,022880331;0,021743321;0,022218794;0,033017382;0,029340642;0,029085361;0,037724978;0,031577728;0,028400033;0,029441695;0,032715331;0,027103058;0,026427638;0,024580047;0,03227828;0,05304837;0,054455338;0,05474652;0,060757411;0,066041148;0,087990371;0,090434661;0,089729679;0,079805706;0,086742458;0,084290553
CO2;TGO;Togo;0,11188633;0,104270179;0,082855596;0,075225148;0,119042912;0,10886017;0,153254679;0,100747941;0,127041974;0,16040759;0,149369331;0,13336843;0,136734417;0,153606638;0,14869122;0,148450483;0,134766247;0,135914699;0,170433444;0,275502396;0,241860345;0,20860122;0,186954895;0,15140783;0,13034246;0,109833368;0,141066178;0,11749831;0,122386133;0,127845907;0,124821007;0,128388333;0,124741678
CO2;THA;Thailand;0,233833959;0,237894832;0,240556677;0,25193315;0,26154588;0,273997339;0,291609531;0,305722357;0,294598374;0,29445302;0,282391304;0,286538203;0,286875834;0,278376617;0,285384608;0,284135298;0,274841344;0,266290286;0,262974425;0,257162821;0,253925637;0,252206538;0,252415161;0,256230455;0,25044719;0,249408967;0,237906441;0,227265686;0,215826667;0,219396464;0,227539687;0,225817836;0,225020582
CO2;TJK;Tajikistan;0,56997788;0,579115212;0,600145157;0,4865531;0,382540343;0,370606731;0,394616926;0,427732348;0,438709062;0,394166461;0,338173086;0,303904176;0,275622767;0,253786961;0,27385255;0,244334558;0,249722216;0,268867048;0,233203914;0,180592812;0,170746397;0,159570543;0,168650652;0,161142103;0,200369969;0,201812431;0,211891407;0,240018868;0,263942613;0,2707431;0,269275352;0,273154742;0,256242095
CO2;TKM;Turkmenistan;1,721051494;1,529445935;1,328947948;1,24237992;1,894583061;2,066563915;1,761362852;1,987361722;1,920824931;1,949543633;1,885656872;1,850765036;1,980432695;2,13661564;2,16876711;1,977470381;1,851213171;1,843584298;1,637769132;1,361593789;1,407100774;1,322761211;1,23320161;1,07521094;0,948536903;0,918548159;0,867391701;0,813871787;0,757743485;0,714825038;0,746417828;0,703082195;0,693833747
CO2;TLS;Timor-Leste;0,001131457;0,001052847;0,000990142;0,000930178;0,000866128;0,000801818;0,000722824;0,000683014;0,023047976;0,090343916;0,112296967;0,05259188;0,047966513;0,127143865;0,240732515;0,157149714;0,159109912;0,128834837;0,114602226;0,116035875;0,104141541;0,109159205;0,177310944;0,2086128;0,196883251;0,180821618;0,16656283;0,178784052;0,176348534;0,139380011;0,085818291;0,082566327;0,104399173
CO2;TON;Tonga;0,245031268;0,237632749;0,228876503;0,215919679;0,293252377;0,238004746;0,269797703;0,296380833;0,304641681;0,285076425;0,226274233;0,201404423;0,209030532;0,243425538;0,221627187;0,240213503;0,26312231;0,212653698;0,220517231;0,254660381;0,238910953;0,213475984;0,208044409;0,207931622;0,22527068;0,230726937;0,229811936;0,273777117;0,239995931;0,291277033;0,234273054;0,250360996;0,262898424
CO2;TTO;Trinidad and Tobago;1,024270137;1,014006396;0,945795215;0,928485784;0,991016586;0,921468131;0,925770134;0,85967766;0,961267789;0,914544728;0,86591608;0,945450844;0,945475307;0,949317615;0,945030038;1,069931894;1,037411731;1,011743492;0,955979813;0,969050174;1,030175407;1,041812568;0,898122959;0,846876999;0,816664778;0,814503621;0,783086736;0,833584471;0,820764535;0,833865286;0,828896954;0,832642106;0,811166349
CO2;TUN;Tunisia;0,308176287;0,306604585;0,302259993;0,307310333;0,29977947;0,299205143;0,28802791;0,281494011;0,280450315;0,278001735;0,278234644;0,279246615;0,272659009;0,257883064;0,256817001;0,255037127;0,250509846;0,241942088;0,23625261;0,228726791;0,242834418;0,234804207;0,242267646;0,236355206;0,245384168;0,247193127;0,237618908;0,234792575;0,228936241;0,226061308;0,235006104;0,275711034;0,274792571
CO2;TUR;Türkiye;0,227635934;0,222166718;0,220467791;0,21196565;0,221052026;0,223454506;0,226779903;0,22179462;0,218274781;0,224055127;0,232489505;0,224729228;0,221933619;0,221317248;0,207219342;0,198199566;0,20647582;0,215591866;0,213031744;0,225630006;0,215544594;0,206587496;0,203909429;0,182464538;0,185098739;0,18070129;0,186286556;0,191706074;0,184583261;0,176699766;0,177447406;0,174985176;0,170891489
CO2;TWN;Taiwan;0,596914431;0,573980739;0,548728149;0,536537605;0,517616042;0,503253682;0,489674159;0,487782821;0,489498639;0,470191386;0,469862293;0,480332154;0,462443184;0,454432728;0,429706983;0,407443604;0,383753214;0,355872131;0,330857363;0,318207025;0,303752777;0,293069498;0,278419333;0,272249748;0,264112348;0,253774559;0,255516267;0,253481648;0,238363789;0,219106397;0,207713106;0,196097792;0,17078209
CO2;TZA;Tanzania;0,061124811;0,063495151;0,058474446;0,060652679;0,059181303;0,078571497;0,088612171;0,080294035;0,067399909;0,06009022;0,066926526;0,066844525;0,071198284;0,070763108;0,08880988;0,092414137;0,090424149;0,08297834;0,080636669;0,074542724;0,082038145;0,087456915;0,100054084;0,104905501;0,092105535;0,092508044;0,087466435;0,089567488;0,087796368;0,102003771;0,097671162;0,103856492;0,101956068
CO2;UGA;Uganda;0,052359386;0,050447215;0,049651057;0,046188385;0,039149453;0,045467616;0,045511332;0,045504037;0,05068122;0,048272252;0,047351651;0,045784657;0,047992855;0,047624364;0,046676705;0,053822008;0,056386276;0,062722764;0,062328587;0,064411115;0,060169558;0,061569318;0,060194732;0,058920432;0,061675001;0,068004324;0,069683055;0,070260925;0,073876751;0,071327848;0,06758495;0,07153567;0,069946843
CO2;UKR;Ukraine;0,914465999;0,945266415;0,920467703;0,936174149;1,004667928;1,13005981;1,073082872;1,06427747;1,035478969;1,036040837;0,969609502;0,889030095;0,844977497;0,841195411;0,705641489;0,662065805;0,617191636;0,583293757;0,54759203;0,53516157;0,551579204;0,553069487;0,538526233;0,521577932;0,497620863;0,461127516;0,450884021;0,397158243;0,409759504;0,37447392;0,370704482;0,336881493;0,348894336
CO2;URY;Uruguay;0,113307264;0,12392198;0,126218328;0,116500124;0,101818203;0,113092147;0,1254001;0,117326015;0,116822159;0,13843893;0,113717346;0,10689244;0,106341488;0,10519261;0,125360325;0,112536709;0,126089254;0,109864283;0,134930766;0,12811972;0,097880792;0,112368199;0,123604247;0,101756302;0,086434797;0,088389389;0,08563015;0,079236228;0,085231186;0,088146636;0,091103029;0,107082739;0,102162793
CO2;USA;United States;0,493569682;0,489686375;0,480507193;0,478701521;0,46750568;0,459984966;0,456273841;0,458824905;0,442666269;0,42366874;0,418846312;0,411312996;0,39405317;0,387771355;0,379012207;0,366747555;0,350868919;0,348864521;0,337567455;0,321222557;0,327479913;0,309999205;0,290541493;0,292962874;0,287458835;0,273965015;0,263997744;0,254640442;0,2552276;0,242161292;0,2239749;0,225702752;0,225076755
CO2;UZB;Uzbekistan;1,708133787;1,72003025;1,805774659;1,84468845;1,854147656;1,690762021;1,683354626;1,612367421;1,768830372;1,704808996;1,739188307;1,683592647;1,670598921;1,509364504;1,440732455;1,279709762;1,276613282;1,134518825;1,089992874;0,915182995;0,927071485;0,879979167;0,730703678;0,671801163;0,588373421;0,522504251;0,522776265;0,518905457;0,504928359;0,49550058;0,474277381;0,468910324;0,460174131
CO2;VCT;Saint Vincent and the Grenadines;0,037743342;0,036068481;0,041139165;0,032165816;0,058333726;0,059472494;0,052438587;0,060460083;0,064898957;0,061241783;0,038478222;0,04480783;0,047955459;0,04887516;0,050913166;0,050757265;0,051191706;0,054067552;0,056144681;0,087014523;0,0716059;0,051718612;0,067388037;0,064891389;0,068956463;0,066225817;0,066983931;0,069594709;0,06809815;0,065233457;0,057606574;0,055206785;0,054646378
CO2;VEN;Venezuela;0,320741325;0,288237459;0,278252387;0,295411473;0,303739559;0,316565473;0,338798546;0,33288741;0,336259453;0,347275076;0,350515712;0,351886334;0,398952533;0,418476518;0,370560989;0,349890872;0,316324429;0,285665723;0,286472606;0,298397603;0,324066153;0,304105969;0,325373067;0,319543303;0,329919365;0,320967876;0,357172076;0,394034762;0,455417704;0,523756144;0,509862025;0,575605028;0,585684568
CO2;VGB;British Virgin Islands;0,085934141;0,058393269;0,054751361;0,042509548;0,029131908;0,024009069;0,028785276;0,022857386;0,029425766;0,028661292;0,025856532;0,021531208;0,022516349;0,030211789;0,039639506;0,033512234;0,033458896;0,043125294;0,051475901;0,060925468;0,079542812;0,048629621;0,069230269;0,068295771;0,064328217;0,066113697;0,068302533;0,057868763;0,078214755;0,067595454;0,061312813;0,057196772;0,052410077
CO2;VNM;Vietnam;0,146530754;0,139118417;0,134284474;0,145511306;0,157183673;0,165050618;0,169990745;0,181144013;0,191478169;0,187233475;0,193973591;0,20059793;0,222040915;0,220669011;0,242945745;0,247060869;0,236919269;0,245049307;0,255189866;0,271054558;0,283557654;0,266988103;0,252591522;0,250022592;0,257623075;0,270143095;0,281447724;0,269932676;0,308705589;0,339765805;0,339786378;0,325987286;0,293034508
CO2;VUT;Vanuatu;0,239632115;0,210785138;0,105776618;0,102690791;0,099037663;0,094305325;0,094131231;0,095469362;0,097744694;0,094592084;0,16525137;0,193964766;0,198512619;0,220524328;0,164789277;0,159832511;0,131923644;0,197601036;0,184617728;0,207676539;0,215824085;0,243801301;0,198106385;0,200060159;0,225330502;0,206784077;0,205521436;0,220588662;0,276710976;0,27121006;0,230795056;0,238511497;0,239649081
CO2;WSM;Samoa;0,196512474;0,20324736;0,182790215;0,193083648;0,208474139;0,187303393;0,179072409;0,188754923;0,191341098;0,18172931;0,270748731;0,26492922;0,255401679;0,248745637;0,236532908;0,229606334;0,224790764;0,230013752;0,228415071;0,241744082;0,236618287;0,232688585;0,241607114;0,248911372;0,254424031;0,285052193;0,283970394;0,284848582;0,280660157;0,30708749;0,256303373;0,286898746;0,312384109
CO2;YEM;Yemen;0,165466768;0,195023812;0,194345717;0,168899093;0,182677455;0,192428165;0,188318135;0,192498372;0,193376621;0,209958527;0,211209994;0,216750687;0,209109537;0,234262213;0,235788143;0,240646856;0,243071168;0,24940927;0,249818983;0,263311635;0,233052207;0,233149262;0,214491242;0,272810857;0,260991964;0,129723976;0,095695475;0,091725359;0,104650054;0,104444593;0,093466532;0,100862994;0,101659338
CO2;ZAF;South Africa;0,756164868;0,744203196;0,744316478;0,739677621;0,732876029;0,749273072;0,74339869;0,756944815;0,766530602;0,7133979;0,697952005;0,698858495;0,699263691;0,722101578;0,745072584;0,725315185;0,693757504;0,686683428;0,705987183;0,67176559;0,662575709;0,615790242;0,62323364;0,62386066;0,630136164;0,590975624;0,58807491;0,59349858;0,58986018;0,594496688;0,557145732;0,529913172;0,501970227
CO2;ZMB;Zambia;0,172066126;0,178234631;0,181470892;0,154078921;0,141465744;0,135717314;0,107508485;0,130495208;0,122813363;0,096549445;0,094040674;0,089988691;0,090517468;0,091683388;0,088055101;0,088181658;0,079581148;0,067431341;0,066885701;0,068713315;0,068694596;0,073229095;0,090063158;0,090684734;0,094777394;0,097940807;0,103145428;0,124947681;0,138036267;0,133005915;0,136682104;0,14066945;0,140420382
CO2;ZWE;Zimbabwe;0,635587726;0,662630211;0,730214643;0,665819521;0,570754527;0,560143926;0,49043052;0,448428846;0,442144145;0,501832589;0,448373181;0,439845486;0,440633083;0,434780928;0,437569583;0,515662917;0,497017003;0,508048363;0,484218991;0,417365644;0,437053912;0,450326507;0,406269338;0,40361073;0,393362593;0,382702658;0,3310061;0,29778719;0,328504434;0,320801667;0,282964826;0,284938862;0,292282244
;;;;;;;;;;;;;;;;;;;;;;;;;;;;;;;;;;;
CO2;EU27;EU27;0,31286846;0,306201114;0,292412673;0,288720796;0,280365753;0,276885003;0,279002538;0,267076285;0,258818051;0,247216045;0,238935032;0,237318759;0,233648657;0,237187855;0,231113617;0,22512131;0,218058715;0,208885737;0,202236772;0,195229952;0,197439491;0,188472743;0,186046113;0,181564632;0,170495907;0,169816787;0,166891099;0,163514232;0,156536857;0,146294575;0,140661695;0,142922299;0,136957427
;;;;;;;;;;;;;;;;;;;;;;;;;;;;;;;;;;;
CO2;GLOBAL TOTAL;GLOBAL TOTAL;0,433569012;0,431433564;0,423353823;0,418802425;0,411360276;0,410671045;0,403636302;0,396050242;0,388998873;0,378783691;0,373237225;0,369243259;0,36538802;0,36886676;0,367143237;0,364128221;0,358089538;0,353401653;0,345966526;0,343996574;0,347594855;0,345271277;0,339019892;0,334829086;0,325946975;0,314411895;0,305637965;0,299964547;0,297007196;0,288935872;0,282990725;0,282404518;0,276265829
